participant,0,1,2,3,4,5,6,7,8,9,10,11,12,13,14,15,16,17,18,19,20,21,22,23,24,25,26,27,28,29,30,31,32,33,34,35,36,37,38,39,40,41,42,43,44,45,46,47,48,49,50,51,52,53,54,55,56,57,58,59,60,61,62,63,64,65,66,67,68,69,70,71,72,73,74,75,76,77,78,79,80,81,82,83,84,85,86,87,88,89,90,91,92,93,94,95,96,97,98,99
1,1977.95,1946.6,1919.2,1895.85,1868.3,1836.35,1813.3,1804.85,1777.35,1840.65,1862.45,1865.85,1880.15,1884.8,1904.9,1926.4,1949.45,1975.1,1995.8,2024.5,1970.6,1927.3,1893.4,1866.1,1865.1,1861.4,1834.8,1825.4,1809.7,1819.7,1790.0,1760.65,1739.8,1722.85,1705.2,1686.75,1660.9,1625.1,1599.25,1686.65,1678.95,1659.15,1641.85,1618.85,1573.65,1545.35,1528.55,1524.65,1476.25,1459.95,1489.5,1511.05,1531.7,1555.45,1574.8,1596.0,1618.4,1637.9,1656.0,1709.8,1698.35,1657.55,1625.75,1570.75,1529.45,1501.95,1464.65,1437.05,1384.85,1484.85,1465.85,1409.75,1359.45,1322.45,1284.85,1237.75,1207.15,1164.35,1129.85,1229.85,1191.15,1151.45,1112.55,1069.25,1030.95,986.85,941.65,905.55,871.25,971.25,937.25,903.75,857.75,817.15,768.55,726.25,681.65,646.15,603.65,703.65
2,1994.6,1977.75,1973.4,1958.25,1932.4,1927.3,1925.05,1917.3,1932.45,1984.35,2005.65,2006.0,2007.35,2013.45,2039.85,2037.45,2044.75,2048.85,2062.4,2087.9,2083.5,2063.55,2059.45,2071.25,2067.95,2058.95,2044.65,2058.95,2056.7,2073.4,2072.75,2061.1,2055.55,2042.5,2044.9,2028.45,2007.75,2013.6,2020.5,2066.3,2081.0,2090.25,2106.25,2108.7,2100.6,2102.15,2115.2,2116.55,2116.3,2135.4,2129.4,2133.7,2119.4,2113.05,2112.2,2107.95,2087.4,2095.2,2097.3,2127.9,2126.35,2118.2,2082.65,2069.2,2056.45,2042.65,2022.8,2030.55,2006.55,2029.25,2012.2,1980.75,1954.2,1921.9,1885.25,1865.15,1823.05,1805.8,1766.45,1825.25,1828.15,1837.55,1838.4,1834.65,1830.05,1834.65,1823.8,1813.25,1816.25,1872.95,1870.7,1862.85,1868.75,1854.4,1834.75,1802.15,1755.15,1763.2,1731.85,1733.85
3,1996.5,1963.7,1964.45,1951.8,1944.85,1927.45,1918.1,1906.0,1886.0,1867.8,1843.25,1863.3,1857.0,1863.5,1860.2,1863.85,1884.1,1901.5,1907.3,1918.9,1919.6,1930.55,1948.35,1959.95,1967.75,1973.55,1977.0,1996.7,2002.05,2035.05,2038.35,2026.1,2014.95,2000.3,2006.9,2011.1,2010.8,2001.9,1991.7,1997.1,1991.2,1981.35,1974.2,1978.55,1977.15,1959.15,1956.15,1944.85,1938.5,1970.4,1967.5,1962.4,1952.0,1941.05,1923.5,1902.05,1881.65,1866.0,1843.4,1847.4,1838.3,1827.5,1800.55,1799.7,1791.05,1783.5,1778.4,1785.25,1734.55,1708.05,1701.55,1680.75,1662.25,1631.9,1638.85,1649.4,1643.5,1634.0,1615.15,1614.55,1603.55,1593.0,1592.05,1599.15,1599.6,1600.1,1595.7,1603.65,1609.2,1647.2,1661.5,1680.8,1706.2,1703.65,1715.1,1731.95,1720.55,1736.95,1753.9,1803.6
5,2028.6,2015.75,1970.15,1981.3,1982.4,1955.8,1952.05,1971.55,1951.95,1982.65,2002.6,2008.95,2024.9,2032.3,2037.0,2037.15,2048.2,2054.15,2069.25,2095.95,2089.15,2113.75,2111.15,2101.2,2086.0,2093.75,2097.8,2062.1,2063.75,2074.25,2051.85,2058.45,2047.35,2061.35,2060.65,2077.45,2083.1,2102.9,2101.0,2124.4,2148.65,2150.4,2138.95,2156.8,2164.3,2167.6,2159.45,2151.2,2142.2,2160.2,2146.85,2159.2,2150.9,2152.9,2141.25,2122.75,2121.1,2122.55,2117.3,2143.9,2147.85,2147.35,2138.2,2151.2,2149.35,2144.9,2145.35,2146.4,2129.35,2145.45,2140.2,2149.5,2143.5,2148.0,2125.55,2118.2,2108.8,2084.0,2098.7,2138.0,2164.4,2170.85,2193.55,2189.0,2205.95,2194.6,2222.95,2219.15,2238.7,2218.4,2230.2,2234.25,2258.5,2267.6,2290.0,2288.85,2290.55,2276.25,2275.95,2301.45
6,1993.9,1996.4,2002.55,1993.0,2006.15,2018.35,2024.05,2032.15,2027.95,2071.95,2073.75,2064.3,2064.15,2051.0,2033.05,2031.35,2035.7,2026.55,2020.25,2050.95,2073.95,2059.6,2052.7,2060.3,2051.65,2071.2,2073.45,2062.9,2066.7,2076.4,2070.2,2050.1,2028.15,2017.1,1994.4,1980.85,1959.0,1950.85,1947.85,2010.95,1997.85,1984.35,1954.35,1922.95,1899.15,1874.15,1834.25,1818.15,1788.35,1861.45,1851.0,1848.9,1840.05,1814.6,1794.0,1779.85,1773.25,1739.15,1717.3,1775.9,1768.85,1768.45,1742.75,1744.7,1751.7,1757.8,1752.7,1764.2,1767.1,1813.4,1831.4,1842.15,1853.3,1874.45,1887.7,1893.3,1914.0,1922.35,1941.45,1983.45,1993.75,1986.55,1978.55,1943.15,1939.3,1929.25,1915.05,1894.0,1881.95,1923.15,1904.3,1906.75,1904.15,1900.6,1911.65,1910.25,1910.6,1911.8,1912.95,1944.05
9,2007.5,1987.5,1952.5,1932.5,1875.0,1837.5,1797.5,1775.0,1762.5,1750.0,1747.15,1735.55,1707.1,1687.95,1672.45,1669.3,1662.8,1654.9,1617.0,1599.8,1566.4,1544.85,1515.05,1475.3,1452.5,1432.05,1429.85,1424.35,1412.3,1397.1,1402.8,1397.7,1371.35,1362.55,1334.75,1328.3,1316.1,1304.5,1284.95,1281.35,1263.85,1256.35,1236.35,1191.35,1181.35,1166.35,1128.85,1091.35,1048.85,1031.35,1029.55,1046.05,1058.55,1078.05,1079.05,1086.95,1103.75,1111.65,1142.15,1160.35,1183.35,1211.35,1234.35,1256.35,1280.85,1305.35,1333.85,1358.85,1382.35,1410.35,1427.85,1453.35,1479.85,1503.85,1530.35,1560.35,1589.85,1615.35,1638.85,1660.35,1680.35,1707.85,1732.35,1756.35,1787.85,1807.35,1836.35,1855.85,1885.35,1910.35,1938.35,1964.85,1990.35,2016.35,2039.85,2062.85,2081.35,2109.35,2135.35,2160.35
10,2028.1,2053.1,2038.1,2044.75,2060.15,2032.5,2038.15,2030.25,2022.0,2033.3,2018.65,2008.85,1998.05,1980.8,1966.65,1918.9,1909.1,1872.8,1841.0,1865.0,1863.7,1870.5,1855.45,1858.6,1856.85,1859.0,1860.0,1850.7,1841.25,1890.75,1887.65,1887.9,1891.8,1888.0,1869.5,1870.9,1879.45,1885.2,1907.2,1920.0,1870.0,1837.5,1840.0,1822.5,1782.5,1742.5,1740.0,1715.0,1687.5,1670.0,1656.25,1643.2,1641.25,1622.8,1606.7,1597.85,1595.2,1561.5,1539.55,1538.85,1550.15,1530.45,1505.85,1513.15,1523.15,1523.65,1538.15,1542.85,1569.95,1595.85,1614.35,1609.8,1621.95,1614.65,1616.4,1608.9,1612.9,1611.15,1609.75,1674.25,1699.0,1721.0,1746.35,1772.85,1796.7,1821.4,1849.0,1875.65,1905.7,1940.2,1921.7,1898.8,1874.4,1852.7,1833.2,1815.7,1789.1,1775.8,1748.2,1827.7
11,1991.45,1994.65,2003.1,1996.15,2006.7,2015.7,2024.5,2018.9,2022.8,2072.3,2100.95,2128.05,2156.8,2186.55,2211.7,2237.65,2264.05,2289.85,2320.85,2367.85,2361.9,2367.3,2367.7,2386.35,2381.8,2374.5,2349.45,2341.35,2339.05,2371.85,2352.6,2326.85,2297.85,2281.3,2241.35,2203.05,2171.45,2151.55,2107.25,2159.85,2142.95,2109.75,2105.05,2087.05,2075.55,2064.35,2027.25,2004.95,1979.45,1948.35,1955.3,1964.3,1947.8,1959.0,1950.1,1972.3,1981.0,1992.2,1986.55,2002.45,2028.25,2051.95,2076.4,2105.85,2134.75,2153.3,2178.15,2206.5,2234.95,2270.45,2236.05,2243.5,2238.1,2243.1,2237.75,2247.2,2243.7,2252.5,2244.3,2294.3,2271.0,2236.9,2209.1,2175.9,2157.15,2123.8,2099.2,2065.15,2028.15,2119.95,2123.1,2125.95,2108.8,2093.25,2073.9,2063.65,2054.25,2029.35,2025.45,2097.85
12,1999.3,2022.15,2027.95,2028.75,2050.4,2045.55,2047.25,2059.05,2066.1,2113.9,2117.3,2131.6,2137.3,2137.55,2135.3,2136.8,2142.15,2132.0,2124.9,2158.4,2150.75,2142.9,2137.55,2128.6,2114.45,2106.95,2099.55,2089.8,2102.75,2116.95,2127.2,2135.15,2137.5,2142.4,2145.75,2151.05,2176.65,2172.0,2182.6,2230.0,2240.85,2244.0,2247.05,2251.7,2258.0,2258.8,2257.8,2280.5,2268.25,2301.75,2289.05,2270.0,2261.65,2270.1,2267.6,2264.15,2266.2,2256.2,2239.0,2265.5,2268.65,2229.55,2231.35,2221.2,2212.3,2221.35,2225.2,2214.6,2213.8,2251.1,2252.7,2247.6,2239.8,2235.65,2238.15,2240.75,2209.05,2215.2,2220.75,2227.85,2218.65,2234.55,2240.3,2236.85,2235.2,2235.4,2245.8,2250.75,2232.9,2232.5,2207.1,2212.05,2210.4,2215.45,2215.25,2206.5,2213.75,2209.7,2219.75,2261.25
13,2027.65,2046.05,2044.75,2045.5,2039.45,2030.7,2023.25,2021.6,1988.45,2027.95,2058.05,2073.7,2091.7,2096.7,2105.7,2116.1,2128.7,2139.5,2159.7,2180.0,2183.4,2209.4,2230.3,2248.0,2266.65,2286.65,2304.1,2322.75,2344.25,2391.25,2393.3,2394.45,2410.55,2407.2,2414.35,2441.1,2455.7,2467.65,2480.95,2510.55,2537.65,2562.2,2590.05,2617.95,2640.15,2669.5,2696.3,2722.7,2750.7,2789.7,2805.0,2824.8,2838.2,2843.9,2860.6,2862.7,2868.5,2868.9,2882.2,2891.2,2915.2,2941.2,2968.7,2988.7,3014.7,3039.2,3062.7,3090.7,3109.7,3141.2,3168.4,3199.9,3211.2,3233.35,3247.65,3270.0,3297.15,3321.8,3331.7,3357.4,3357.7,3361.2,3371.1,3388.8,3397.65,3403.15,3408.9,3412.95,3416.95,3449.05,3475.75,3499.45,3526.4,3550.45,3575.9,3603.35,3633.65,3660.0,3685.55,3727.05
14,2027.0,2022.2,2011.75,2008.4,1997.85,2004.55,2019.4,2021.9,2027.15,2062.35,2042.75,2002.15,1967.0,1956.25,1948.2,1932.2,1935.05,1935.75,1905.05,1946.85,1921.85,1886.85,1859.35,1826.85,1796.85,1781.85,1779.35,1759.35,1736.85,1696.85,1693.25,1667.85,1660.35,1657.35,1618.55,1593.3,1571.85,1569.95,1563.4,1571.5,1543.8,1548.0,1545.3,1559.05,1529.6,1524.25,1534.9,1524.1,1523.05,1524.95,1512.65,1524.95,1535.05,1533.5,1517.6,1527.65,1527.2,1525.45,1539.6,1584.3,1568.1,1548.05,1533.3,1514.75,1494.2,1484.6,1482.8,1473.9,1470.55,1519.35,1488.75,1471.85,1436.15,1397.65,1381.15,1363.85,1351.95,1329.05,1329.35,1314.65,1311.75,1286.75,1279.4,1269.1,1269.3,1259.45,1240.3,1221.7,1222.15,1266.25,1266.0,1238.9,1218.6,1213.6,1203.15,1181.45,1163.65,1136.55,1137.7,1149.5
15,2003.1,1976.5,1962.0,1950.8,1930.45,1939.8,1919.7,1904.85,1893.8,1924.2,1935.95,1932.05,1928.35,1941.15,1950.1,1957.7,1940.3,1949.4,1964.2,1984.0,1976.65,1988.4,1980.55,1989.0,1996.9,2006.65,2003.55,2018.15,2032.65,2080.45,2059.85,2050.85,2065.0,2053.8,2054.45,2063.45,2061.05,2062.85,2059.55,2077.75,2087.25,2087.65,2071.9,2062.55,2050.7,2052.1,2064.5,2071.05,2052.9,2089.1,2087.75,2095.4,2113.15,2123.35,2139.8,2120.75,2124.35,2122.1,2127.65,2145.45,2156.1,2171.0,2156.2,2162.55,2161.0,2165.15,2162.9,2149.15,2147.9,2164.4,2150.25,2151.25,2160.5,2151.2,2161.1,2147.15,2132.3,2121.1,2118.4,2167.3,2158.55,2161.8,2133.25,2110.05,2106.65,2109.9,2122.85,2129.85,2121.35,2162.45,2160.55,2153.9,2156.5,2150.4,2143.4,2137.25,2118.55,2110.75,2086.85,2099.05
16,2011.1,2016.9,1998.3,1973.0,1966.55,1945.35,1943.7,1947.0,1942.1,1979.4,1977.6,1976.45,1987.05,1994.05,2003.05,2024.55,2030.35,2041.2,2056.5,2102.3,2111.0,2125.5,2108.35,2100.6,2107.1,2110.5,2117.35,2122.55,2136.5,2163.4,2169.4,2162.2,2173.9,2179.1,2197.7,2202.6,2203.4,2196.6,2199.0,2222.5,2219.8,2214.55,2215.2,2205.4,2211.5,2225.6,2233.2,2239.35,2242.15,2249.85,2256.7,2262.25,2271.55,2283.7,2299.4,2313.8,2321.2,2342.45,2353.3,2384.9,2365.75,2341.8,2332.7,2321.9,2305.6,2314.35,2275.85,2235.5,2218.5,2239.7,2222.15,2207.65,2172.95,2160.0,2165.6,2170.45,2164.15,2163.85,2120.5,2116.3,2089.2,2087.8,2085.4,2054.3,2047.9,2052.2,2036.1,2014.2,2008.1,2023.1,2019.6,2010.4,2007.4,2012.1,1992.8,1982.4,1966.4,1945.4,1951.9,1962.3
17,1985.0,1974.4,1958.5,1943.45,1906.3,1896.6,1876.9,1866.75,1849.95,1849.55,1844.9,1828.2,1828.5,1814.6,1824.95,1799.2,1787.4,1766.5,1765.95,1816.85,1798.95,1775.75,1757.15,1739.05,1709.95,1678.65,1664.85,1640.25,1609.75,1597.45,1590.45,1583.15,1570.45,1552.45,1540.45,1505.15,1507.45,1487.65,1466.25,1518.15,1530.35,1532.55,1506.85,1494.65,1499.45,1498.15,1513.05,1508.75,1503.85,1511.55,1513.6,1502.4,1493.05,1476.9,1476.3,1456.25,1467.35,1454.15,1457.5,1503.6,1477.2,1457.4,1434.1,1437.2,1420.4,1419.0,1420.2,1393.7,1378.8,1365.5,1362.85,1355.65,1362.5,1382.7,1385.55,1386.55,1377.0,1389.0,1399.65,1429.95,1447.45,1444.75,1422.85,1410.05,1408.55,1398.35,1394.75,1392.35,1388.85,1400.15,1364.15,1372.15,1343.25,1343.9,1363.15,1361.25,1364.0,1361.35,1341.35,1356.85
18,1988.3,1976.35,1983.8,1969.65,1981.55,1992.0,1992.9,1991.7,1983.35,2035.25,2010.2,1978.4,1969.8,1962.15,1972.35,1965.55,1962.95,1945.85,1937.9,1989.9,1985.3,1959.35,1931.15,1911.35,1889.95,1873.45,1871.65,1858.6,1856.15,1913.75,1891.15,1853.15,1838.6,1818.25,1808.8,1780.45,1765.45,1754.15,1739.55,1799.15,1785.2,1764.3,1754.25,1749.8,1747.25,1737.15,1728.6,1720.35,1730.65,1777.95,1774.35,1753.8,1732.3,1716.05,1692.3,1682.45,1660.45,1658.95,1651.35,1687.55,1700.25,1702.5,1710.65,1701.85,1696.55,1699.6,1710.95,1693.4,1689.35,1713.65,1692.75,1689.95,1685.55,1671.0,1678.65,1685.3,1677.2,1656.25,1644.35,1651.65,1630.8,1641.9,1631.35,1587.05,1561.35,1533.1,1536.15,1523.7,1459.95,1476.05,1487.0,1496.7,1495.9,1495.45,1502.05,1513.4,1530.3,1556.7,1586.4,1607.4
19,2028.6,1958.1,1986.25,1969.7,1987.3,1982.15,1980.8,1971.85,1983.55,2007.25,1989.5,1970.65,1969.75,1970.2,1974.25,1972.55,1977.55,1964.65,1943.75,1975.85,1966.0,1967.0,1965.45,1969.45,1979.3,1990.8,1992.55,1985.9,1979.55,2006.05,1983.45,1975.4,1955.2,1957.2,1950.25,1943.55,1934.5,1929.65,1918.2,1969.7,1993.7,1956.2,1961.65,1949.95,1944.35,1945.3,1926.4,1919.9,1907.95,1942.15,1952.1,1953.35,1939.6,1932.55,1925.95,1933.1,1925.0,1920.45,1907.05,1945.75,1933.45,1915.6,1885.05,1876.45,1852.2,1837.35,1831.7,1808.5,1795.1,1830.9,1807.8,1808.1,1810.5,1815.0,1801.9,1806.55,1819.85,1808.6,1788.7,1824.9,1836.3,1828.3,1828.7,1845.2,1863.0,1868.35,1879.15,1885.15,1898.8,1943.2,1970.25,1997.65,2026.8,2055.45,2083.65,2108.65,2139.15,2167.3,2195.5,2245.5
20,1975.0,1995.8,1992.05,1983.8,1986.7,1998.7,2005.0,2025.1,2017.65,2038.65,2033.05,2030.45,2030.05,2030.4,2012.85,2005.15,1976.8,1957.15,1910.9,1922.8,1918.15,1900.55,1897.65,1886.2,1903.8,1893.65,1889.8,1870.55,1886.3,1886.4,1853.5,1849.5,1845.1,1784.7,1788.5,1764.0,1750.9,1708.6,1700.8,1719.5,1745.55,1748.4,1759.65,1761.75,1775.8,1792.1,1814.3,1833.1,1853.75,1868.65,1876.15,1878.45,1887.25,1908.65,1911.9,1926.1,1926.7,1929.6,1942.7,1960.9,1985.5,1976.6,1976.2,1989.8,2002.1,2008.2,2012.25,1992.25,2002.9,2011.7,2015.65,2035.25,2044.2,2051.8,2076.45,2080.8,2084.25,2100.15,2099.8,2124.1,2138.1,2146.3,2151.6,2156.25,2148.15,2153.85,2166.9,2167.65,2178.2,2189.7,2173.3,2180.75,2173.9,2190.6,2182.5,2179.2,2165.75,2169.6,2176.25,2201.55
21,1992.5,1986.45,1934.6,1924.8,1907.85,1903.0,1904.95,1870.95,1860.95,1875.45,1858.85,1859.95,1839.35,1829.1,1809.65,1792.65,1788.8,1737.7,1724.25,1718.05,1734.6,1751.35,1764.35,1768.95,1782.4,1804.2,1831.25,1842.35,1857.15,1894.85,1847.75,1806.45,1774.55,1739.55,1694.05,1661.35,1625.55,1577.25,1547.05,1647.05,1641.55,1652.25,1674.15,1694.85,1719.75,1740.05,1766.25,1791.35,1819.35,1836.35,1860.15,1870.0,1866.45,1866.15,1861.25,1840.7,1828.35,1820.1,1810.7,1886.6,1915.6,1945.6,1970.6,1996.1,2019.1,2041.6,2068.6,2095.1,2118.6,2136.6,2111.6,2099.1,2071.6,2041.6,1996.6,1974.1,1954.1,1916.6,1879.1,1886.6,1892.1,1887.2,1878.7,1886.45,1880.35,1900.4,1918.7,1937.75,1947.35,1961.65,1982.8,1995.15,2004.75,2024.65,2042.25,2055.85,2068.15,2085.85,2109.1,2148.3
22,2027.0,2052.85,2080.75,2100.6,2122.15,2144.55,2170.0,2197.95,2231.1,2258.6,2271.1,2265.1,2254.8,2236.3,2231.7,2216.4,2186.3,2160.5,2132.6,2221.0,2249.95,2247.45,2209.95,2197.45,2179.95,2142.45,2097.45,2089.95,2057.45,2044.95,2032.95,2030.4,2017.75,1974.05,1974.5,1959.85,1944.05,1920.05,1900.45,1951.05,1978.05,1993.25,2010.75,2024.15,2051.65,2066.75,2093.75,2108.5,2137.0,2196.8,2181.0,2159.35,2138.45,2134.6,2103.6,2105.5,2102.3,2067.6,2039.6,2028.7,2053.15,2047.55,2042.6,2052.4,2075.7,2089.0,2101.25,2118.6,2143.85,2164.35,2172.65,2186.45,2181.25,2177.65,2164.75,2159.75,2148.95,2128.25,2101.45,2139.05,2158.8,2118.5,2095.05,2104.15,2090.8,2078.95,2089.35,2100.5,2107.0,2099.0,2086.5,2074.0,2064.0,2056.5,2006.5,2019.0,1974.0,1956.5,1924.0,1849.0
24,1996.9,2001.55,2002.1,1993.4,1983.25,1978.7,1970.7,1964.2,1949.6,1987.2,1985.05,1961.7,1946.7,1945.5,1954.55,1945.35,1936.7,1933.45,1919.4,1944.4,1931.05,1922.5,1908.2,1895.8,1859.25,1818.35,1802.0,1784.65,1751.05,1782.05,1757.85,1773.2,1775.55,1778.5,1766.2,1759.25,1765.6,1747.5,1737.9,1756.0,1750.55,1757.95,1766.9,1763.75,1765.55,1742.55,1740.0,1735.85,1724.35,1761.45,1761.45,1773.65,1762.4,1754.8,1767.2,1761.8,1760.55,1754.2,1749.15,1796.85,1798.25,1787.95,1796.75,1769.2,1770.9,1773.7,1767.7,1753.65,1753.0,1751.6,1750.75,1758.65,1754.15,1779.15,1769.45,1775.45,1784.8,1780.0,1762.35,1774.05,1790.5,1806.15,1808.45,1825.3,1837.65,1862.25,1882.0,1884.1,1894.25,1927.15,1896.55,1882.6,1878.85,1877.0,1878.2,1866.55,1854.35,1856.5,1859.25,1893.15
25,1982.5,1969.65,1957.05,1952.75,1936.15,1938.8,1930.35,1932.95,1917.5,1899.3,1841.8,1834.3,1809.3,1794.3,1751.8,1736.8,1724.3,1684.3,1674.3,1649.3,1651.8,1599.3,1591.8,1571.8,1546.8,1499.3,1479.3,1436.8,1389.3,1399.3,1354.6,1345.25,1351.0,1354.15,1356.9,1357.6,1349.6,1360.2,1354.3,1373.2,1379.4,1342.5,1335.1,1334.9,1314.4,1322.7,1307.7,1270.7,1265.2,1229.2,1194.8,1179.8,1173.6,1171.75,1177.35,1188.3,1219.3,1227.0,1240.9,1270.5,1235.55,1237.3,1244.95,1233.6,1252.35,1241.95,1232.2,1238.65,1219.25,1243.35,1268.85,1298.9,1328.2,1357.4,1385.2,1414.8,1443.15,1468.9,1498.5,1548.5,1533.5,1503.5,1481.0,1461.0,1436.0,1391.0,1386.0,1348.5,1316.0,1298.5,1261.0,1231.0,1216.0,1176.0,1183.5,1161.0,1143.5,1126.0,1078.5,1048.5
26,1990.8,1996.1,1980.35,1981.1,1977.95,1970.35,1951.65,1913.95,1920.6,1950.5,1935.4,1912.1,1907.0,1881.95,1875.1,1867.75,1837.25,1826.45,1818.8,1861.6,1861.25,1865.55,1856.6,1842.8,1825.05,1814.0,1787.3,1764.5,1743.2,1756.8,1766.95,1767.5,1752.35,1762.7,1750.4,1731.35,1712.1,1695.4,1688.35,1725.15,1752.05,1772.05,1798.25,1823.85,1840.85,1865.15,1889.35,1904.35,1930.65,1940.35,1964.35,1989.85,2016.35,2041.35,2058.85,2082.85,2105.85,2139.35,2163.35,2190.35,2204.85,2212.65,2220.95,2216.35,2203.95,2204.85,2195.75,2177.95,2181.15,2202.75,2192.15,2168.45,2144.85,2113.15,2106.05,2085.75,2061.55,2038.35,2015.25,2096.15,2123.0,2143.85,2165.35,2190.25,2215.9,2240.2,2261.35,2291.5,2322.75,2349.25,2375.75,2398.25,2428.75,2456.75,2482.75,2506.25,2530.75,2555.25,2579.25,2599.25
27,1995.4,1983.9,1969.05,1952.45,1931.2,1910.5,1901.7,1892.2,1874.4,1930.6,1936.65,1946.8,1929.65,1930.8,1927.05,1913.4,1925.05,1931.4,1924.05,1970.95,1964.4,1970.0,1977.5,1981.55,1983.0,1990.7,2009.8,2020.75,2028.1,2051.8,2049.2,2053.3,2037.25,2041.15,2047.85,2051.55,2058.1,2070.25,2077.1,2122.3,2127.1,2091.95,2090.65,2073.0,2050.4,2050.7,2029.7,2022.85,2003.8,2033.0,2025.05,2029.8,2027.0,2012.6,2023.8,2013.25,1997.75,1992.7,1998.25,2016.75,2039.65,2061.2,2088.9,2115.5,2144.15,2167.5,2197.2,2221.45,2250.05,2276.05,2290.95,2312.25,2338.1,2357.85,2394.65,2407.5,2436.15,2451.5,2472.5,2497.5,2502.75,2512.15,2512.25,2525.0,2518.6,2510.7,2517.15,2519.05,2533.15,2551.75,2577.1,2598.85,2621.2,2648.45,2677.0,2696.9,2720.65,2729.55,2743.15,2760.65
28,1952.5,1910.0,1882.5,1872.5,1857.5,1827.5,1850.0,1827.5,1785.0,1750.0,1782.0,1788.4,1774.6,1764.65,1754.25,1756.0,1753.6,1742.3,1730.85,1784.65,1790.05,1766.4,1747.3,1714.8,1690.65,1651.4,1629.45,1598.25,1573.1,1664.2,1623.3,1599.1,1565.5,1528.55,1480.4,1450.8,1424.95,1395.1,1364.6,1439.0,1388.5,1366.8,1356.5,1331.0,1343.4,1329.7,1294.9,1263.3,1240.5,1225.7,1176.45,1145.6,1136.2,1116.1,1106.45,1070.55,1057.4,1009.0,1008.45,1009.65,1035.5,1062.35,1091.65,1118.8,1146.8,1174.2,1205.0,1232.85,1259.05,1309.05,1336.0,1364.2,1394.35,1421.25,1450.65,1478.85,1504.3,1535.0,1562.05,1612.05,1635.65,1663.15,1690.45,1720.95,1733.05,1756.05,1787.8,1813.5,1840.15,1881.65,1909.35,1935.6,1965.35,1994.8,2024.1,2053.2,2081.55,2107.1,2135.5,2185.5
29,2006.7,2000.45,2000.5,2019.55,1990.05,1978.7,1962.15,1934.25,1923.65,1946.85,1950.45,1952.05,1948.65,1936.45,1930.85,1909.25,1900.05,1870.95,1852.95,1887.65,1899.0,1891.8,1907.85,1909.0,1901.1,1919.6,1919.6,1926.45,1915.65,1962.15,1967.6,1972.1,1978.05,1979.65,1962.95,1972.25,1970.4,1975.4,1963.25,1982.95,1980.65,1994.35,2016.85,2010.8,1998.6,1991.0,1984.45,1993.7,2011.45,2040.05,2036.25,2027.95,2016.1,2011.85,1997.5,2011.65,1998.4,1997.25,1989.2,2048.3,2055.95,2038.45,2045.05,2013.95,2022.15,2023.9,2010.4,2000.65,1990.75,2033.15,2008.05,1986.95,1980.2,1967.7,1959.75,1949.2,1942.1,1949.7,1949.45,2006.85,2014.45,2014.35,2013.25,2010.4,2028.65,2027.75,2034.9,2034.05,2044.2,2061.1,2068.7,2054.9,2050.6,2040.25,2017.6,2000.35,2009.0,2002.4,1987.75,2025.75
30,1983.6,1960.4,1964.1,1957.5,1933.5,1930.1,1918.4,1894.2,1881.6,1921.7,1919.1,1912.9,1925.7,1908.75,1893.4,1880.8,1904.1,1893.85,1894.1,1913.0,1932.25,1934.0,1939.7,1953.85,1962.7,1970.45,1989.95,1993.55,2003.85,2047.85,2025.15,2044.85,2014.6,2032.9,2042.5,2055.6,2042.35,2042.15,2046.85,2041.15,2048.3,2070.55,2076.7,2067.75,2050.85,2053.25,2068.6,2073.0,2088.1,2122.2,2115.3,2126.65,2117.55,2107.95,2103.3,2089.15,2099.55,2113.0,2108.05,2140.85,2103.35,2094.65,2062.05,2038.45,2029.05,2022.15,2001.15,1976.05,1959.35,1961.05,1931.05,1906.05,1896.05,1853.55,1811.05,1791.05,1783.55,1771.05,1746.05,1711.05,1671.95,1617.05,1575.45,1552.55,1530.25,1487.65,1450.55,1440.25,1412.65,1430.15,1415.75,1390.7,1382.4,1343.55,1329.2,1301.0,1266.3,1265.45,1226.35,1220.35
31,1983.9,1970.65,1953.35,1936.9,1934.55,1910.65,1879.9,1854.85,1841.9,1864.4,1836.3,1810.85,1779.6,1763.35,1731.0,1687.7,1661.15,1621.1,1614.2,1653.3,1657.0,1640.2,1616.85,1615.6,1634.5,1641.8,1661.65,1681.65,1710.75,1745.35,1732.6,1693.3,1663.45,1641.0,1615.75,1583.25,1572.5,1544.2,1515.05,1573.95,1553.05,1532.55,1509.45,1457.05,1433.45,1410.05,1385.95,1378.45,1352.75,1353.55,1320.25,1296.95,1294.55,1279.55,1263.05,1249.75,1229.05,1209.25,1188.25,1185.05,1172.55,1157.55,1155.05,1102.55,1087.55,1040.05,1020.05,982.55,955.05,935.05,912.35,893.25,872.25,853.75,835.05,826.15,813.25,784.15,746.05,756.45,708.95,706.45,683.95,621.45,611.45,591.45,563.95,566.45,518.95,506.45,505.75,483.05,494.05,492.15,453.35,401.65,377.55,356.45,314.75,303.95
32,2015.7,1997.45,1960.5,1946.0,1958.45,1951.35,1933.05,1923.15,1916.35,1938.75,1915.05,1897.1,1885.35,1864.3,1848.15,1844.85,1835.65,1812.55,1790.2,1845.8,1820.75,1789.45,1750.05,1743.55,1724.15,1696.25,1673.5,1661.05,1634.95,1705.85,1704.55,1695.5,1690.25,1704.05,1716.05,1726.55,1715.85,1712.8,1717.8,1743.5,1721.2,1705.4,1687.4,1676.9,1694.4,1703.95,1699.6,1701.85,1692.0,1721.1,1722.0,1721.6,1716.0,1699.6,1683.0,1721.1,1717.0,1717.1,1737.5,1729.1,1739.75,1728.8,1745.75,1744.6,1726.3,1733.9,1736.4,1741.9,1720.35,1725.45,1733.65,1737.45,1741.6,1714.6,1734.25,1741.5,1762.6,1747.05,1763.25,1754.25,1770.0,1749.6,1759.65,1725.95,1731.35,1722.4,1745.55,1768.5,1783.8,1769.8,1785.95,1768.7,1775.4,1729.55,1741.9,1747.35,1759.4,1734.25,1750.05,1746.05
33,2022.0,2038.0,2065.8,2078.7,2099.2,2113.3,2125.2,2139.2,2166.1,2204.0,2214.2,2202.45,2216.05,2214.85,2205.2,2199.05,2199.95,2190.2,2195.9,2214.7,2235.95,2269.2,2299.35,2318.85,2344.05,2365.95,2390.55,2418.75,2441.95,2467.45,2493.75,2519.2,2544.85,2570.4,2598.2,2624.65,2653.55,2682.15,2710.85,2760.85,2787.6,2811.65,2839.25,2860.1,2881.85,2912.2,2941.9,2968.75,2993.45,3032.95,3063.75,3091.9,3121.3,3146.4,3173.5,3198.95,3227.75,3256.1,3283.7,3333.7,3362.25,3389.85,3418.9,3446.95,3474.9,3504.15,3532.6,3559.4,3586.7,3636.7,3665.75,3693.05,3721.6,3747.85,3776.1,3804.1,3831.25,3860.2,3886.2,3936.2,3962.95,3991.6,4018.95,4046.7,4076.45,4106.05,4135.35,4162.0,4189.95,4239.95,4266.05,4294.35,4323.4,4348.8,4377.5,4402.1,4430.95,4458.65,4488.3,4538.3
34,1962.5,1991.1,2002.75,1999.7,2007.75,2023.15,2038.35,2043.75,2043.6,2074.5,2078.5,2073.25,2070.7,2077.1,2074.35,2063.2,2052.55,2049.9,2039.4,2102.3,2107.0,2094.15,2084.8,2086.35,2076.8,2056.55,2056.1,2049.0,2041.15,2077.25,2054.1,2047.55,2015.2,1999.8,1962.0,1942.85,1918.9,1887.1,1871.3,1910.7,1882.1,1870.65,1862.95,1859.15,1842.6,1814.0,1769.6,1730.6,1711.75,1746.95,1766.85,1751.45,1764.9,1759.3,1769.85,1759.95,1767.35,1763.1,1766.1,1826.4,1803.05,1805.55,1809.45,1794.3,1785.55,1775.8,1769.4,1758.3,1734.05,1772.35,1745.0,1741.8,1755.05,1766.45,1755.55,1755.5,1752.95,1768.7,1774.05,1809.95,1771.7,1725.8,1726.65,1712.1,1701.2,1677.05,1676.55,1665.4,1656.05,1699.95,1704.5,1723.45,1709.65,1704.75,1711.0,1706.6,1719.65,1698.65,1702.05,1732.55
35,1980.0,1983.3,1996.9,2004.65,2001.15,2006.95,2009.95,2017.0,2013.75,2045.05,2014.5,2004.85,2018.9,2017.05,2016.05,2005.35,1988.6,1963.55,1954.05,1972.85,1999.4,2027.85,2055.9,2083.3,2110.7,2137.75,2165.2,2193.35,2219.15,2269.15,2295.45,2323.9,2351.7,2381.3,2408.75,2438.05,2465.45,2492.45,2519.25,2569.25,2597.6,2625.55,2655.5,2683.95,2711.55,2737.1,2763.75,2791.7,2820.3,2870.3,2899.0,2927.8,2955.65,2983.25,3009.65,3036.85,3063.15,3091.75,3118.15,3168.15,3196.2,3224.65,3253.15,3281.4,3306.85,3336.55,3364.45,3391.8,3418.35,3468.35,3493.7,3521.65,3551.55,3578.3,3607.6,3636.75,3665.4,3693.1,3719.35,3769.35,3797.3,3825.4,3855.25,3883.9,3910.15,3937.4,3964.15,3989.15,4017.0,4067.0,4094.1,4120.0,4147.6,4176.0,4204.15,4235.45,4261.2,4287.75,4315.6,4365.6
36,1997.5,2025.35,2051.85,2059.55,2062.25,2071.0,2091.15,2097.1,2108.05,2140.35,2169.4,2197.9,2219.0,2234.05,2259.95,2279.6,2310.7,2333.2,2360.5,2393.9,2397.6,2392.05,2358.8,2358.15,2366.95,2381.5,2387.35,2384.25,2379.85,2366.75,2366.7,2369.7,2374.2,2391.5,2388.25,2391.6,2405.1,2417.0,2428.95,2463.25,2447.95,2424.25,2411.95,2373.75,2349.35,2364.95,2368.15,2331.55,2334.75,2298.55,2288.55,2231.05,2228.55,2203.55,2163.55,2106.05,2081.05,2046.05,2056.05,2048.55,2036.05,2033.85,2040.15,2060.55,2081.85,2113.75,2141.85,2165.95,2190.05,2220.55,2164.85,2127.25,2109.55,2079.15,2058.65,2034.4,2013.85,1979.1,1970.5,2021.5,2040.65,2048.45,2039.9,2057.95,2066.45,2079.9,2100.9,2120.9,2134.5,2165.2,2171.85,2172.4,2181.55,2189.85,2161.95,2160.55,2184.9,2190.45,2192.0,2174.9
37,2009.25,2026.6,1998.2,1983.95,1997.7,2002.05,1982.6,1988.75,1984.05,2009.05,2001.45,2003.8,2002.1,2014.1,2019.95,2024.9,2019.8,2019.55,2018.85,2035.45,2014.3,2019.25,2005.9,2010.15,1993.9,1990.05,1979.05,1960.8,1955.8,2009.2,1996.3,1996.95,2001.05,1993.75,1993.4,1987.45,1990.6,1990.15,1998.35,2037.35,2030.0,1998.95,1980.0,1959.1,1938.7,1909.65,1888.15,1862.35,1846.7,1925.3,1913.6,1907.0,1901.95,1891.6,1885.45,1855.1,1840.65,1851.1,1846.6,1889.5,1888.85,1892.6,1884.25,1863.75,1845.85,1833.45,1841.35,1846.7,1851.2,1897.4,1890.45,1867.2,1845.05,1826.15,1814.0,1803.75,1796.85,1786.95,1786.95,1810.35,1783.95,1782.95,1773.35,1764.75,1767.45,1759.6,1771.75,1765.8,1753.5,1802.5,1798.05,1818.05,1811.8,1803.75,1787.3,1782.4,1788.45,1783.3,1784.9,1829.8
38,2025.95,2020.95,2008.9,1998.2,2006.55,1993.6,1982.55,1942.45,1915.15,1923.55,1923.8,1945.35,1954.95,1947.9,1957.7,1962.3,1960.85,1953.05,1958.15,2006.35,2011.65,2016.9,2020.05,2018.65,2019.2,2009.75,2007.75,2004.1,1995.9,2049.7,2040.85,2031.25,2009.25,2012.8,1992.45,1966.5,1949.5,1937.8,1932.7,1968.2,1991.15,2006.1,2021.5,2040.35,2055.6,2065.3,2080.2,2102.45,2111.65,2156.85,2157.8,2159.7,2163.2,2168.0,2179.85,2185.15,2192.8,2194.25,2200.45,2260.75,2263.05,2230.95,2208.15,2178.75,2161.25,2135.35,2107.15,2082.95,2069.15,2128.15,2144.25,2126.4,2135.5,2137.75,2145.1,2150.1,2162.35,2167.45,2171.3,2200.2,2189.05,2177.45,2155.6,2149.0,2138.9,2136.25,2129.7,2128.95,2120.3,2147.4,2140.75,2134.75,2133.3,2130.3,2138.8,2125.95,2145.4,2174.1,2204.65,2219.75
39,2023.0,1980.0,2003.8,1990.8,2023.0,1985.1,2013.65,1988.65,2012.15,2027.15,2055.3,2055.65,2056.95,2060.55,2055.05,2029.3,2037.1,2044.0,2028.2,2071.8,2083.55,2097.0,2112.25,2102.45,2101.5,2096.5,2104.35,2108.15,2122.4,2128.4,2149.0,2169.9,2191.5,2212.1,2235.2,2253.0,2268.7,2281.7,2308.7,2328.1,2339.2,2354.9,2350.15,2371.65,2381.5,2396.65,2401.1,2418.3,2447.0,2484.8,2479.15,2465.2,2473.3,2479.3,2483.25,2465.6,2461.05,2466.65,2471.25,2475.05,2506.25,2517.35,2516.95,2538.15,2517.4,2519.05,2515.65,2540.1,2540.9,2543.6,2564.75,2562.05,2570.85,2574.15,2597.8,2602.0,2598.75,2621.95,2615.65,2646.85,2660.15,2682.25,2705.55,2718.9,2739.15,2759.1,2775.2,2803.45,2824.65,2857.15,2866.2,2891.3,2908.85,2929.4,2937.6,2953.7,2970.4,2969.4,2982.7,2997.9
40,1997.5,1955.0,1912.5,1880.0,1872.5,1840.0,1835.0,1830.0,1795.0,1750.0,1754.9,1759.8,1690.9,1652.2,1661.9,1626.4,1621.7,1588.0,1568.4,1539.0,1536.5,1543.6,1556.2,1558.7,1563.5,1556.1,1560.3,1563.6,1563.5,1596.8,1581.9,1569.8,1557.15,1546.05,1545.4,1559.7,1542.3,1552.2,1534.75,1531.45,1559.15,1590.3,1617.0,1637.55,1664.45,1688.1,1713.15,1741.7,1770.1,1795.1,1819.6,1837.6,1863.6,1888.6,1913.6,1939.6,1969.1,1995.1,2018.1,2045.1,2067.6,2091.6,2117.6,2142.6,2168.1,2188.6,2210.6,2238.1,2259.6,2295.1,2319.2,2341.8,2357.6,2390.0,2410.2,2434.6,2439.4,2468.8,2495.5,2507.1,2526.15,2553.5,2581.15,2598.15,2628.15,2651.65,2675.65,2701.15,2730.65,2756.15,2784.15,2807.15,2831.15,2853.15,2878.65,2904.15,2933.15,2958.15,2984.15,3006.15
41,2022.0,2007.0,2031.5,1984.0,2011.0,1983.5,2007.5,1985.0,2014.5,1992.0,1979.2,1982.45,1993.75,2001.25,2000.7,2021.2,2021.35,2024.25,2034.25,2081.55,2094.05,2073.55,2066.25,2071.85,2055.45,2050.25,2050.75,2041.15,2012.15,2003.15,2002.4,1999.4,1999.95,1985.0,1991.6,1998.3,2015.1,2025.5,2009.55,2008.95,1977.35,1962.05,1935.65,1921.75,1891.25,1889.65,1878.55,1877.25,1846.55,1894.25,1903.15,1865.15,1847.65,1824.05,1808.35,1787.05,1766.65,1735.75,1715.85,1702.55,1727.75,1721.45,1711.35,1698.65,1690.05,1678.95,1700.35,1700.95,1700.05,1736.65,1729.55,1723.55,1714.45,1722.15,1731.6,1745.9,1747.5,1764.05,1770.8,1798.5,1813.05,1806.45,1822.0,1820.25,1824.2,1830.35,1832.2,1828.1,1828.9,1849.4,1828.45,1835.2,1822.2,1818.8,1817.85,1816.1,1800.9,1809.15,1795.2,1859.0
42,1990.7,1970.7,1964.8,1896.2,1864.3,1869.5,1845.2,1810.5,1833.3,1804.7,1788.4,1762.9,1764.5,1706.3,1681.7,1667.8,1644.6,1611.7,1579.5,1549.5,1507.7,1513.7,1514.4,1512.2,1518.0,1521.7,1529.7,1543.1,1557.7,1578.9,1601.4,1631.4,1660.4,1681.4,1711.9,1735.4,1757.4,1781.4,1802.4,1828.9,1844.4,1865.9,1897.9,1924.9,1955.9,1977.4,2004.4,2027.4,2053.9,2078.9,2097.9,2123.9,2142.4,2167.4,2194.9,2217.4,2240.4,2268.4,2299.9,2328.9,2346.4,2371.9,2400.9,2428.9,2460.4,2483.9,2506.9,2525.4,2550.4,2578.9,2608.9,2635.4,2658.9,2678.4,2706.9,2732.4,2750.9,2776.9,2803.9,2828.9,2850.9,2878.9,2907.4,2931.9,2960.4,2982.4,3007.4,3031.4,3054.4,3078.9,3100.4,3128.4,3150.4,3171.4,3197.4,3226.4,3248.9,3275.9,3299.4,3328.9
43,1979.15,1963.55,1974.95,1961.85,1946.35,1933.3,1940.85,1938.9,1938.1,1955.5,1954.5,1979.35,2001.45,2024.25,2052.45,2080.6,2106.95,2130.8,2159.4,2186.4,2215.2,2239.75,2264.7,2290.0,2313.6,2343.45,2368.9,2398.95,2427.1,2463.1,2438.0,2452.8,2484.1,2518.5,2501.75,2513.6,2498.65,2506.7,2523.3,2547.4,2523.85,2535.45,2520.5,2519.5,2509.1,2521.3,2535.3,2531.65,2528.7,2542.7,2538.1,2525.6,2537.7,2543.0,2539.2,2547.15,2556.25,2565.25,2576.45,2611.15,2629.05,2631.45,2631.1,2641.2,2656.75,2656.5,2675.75,2687.85,2690.9,2711.4,2715.9,2709.75,2711.55,2707.55,2705.25,2693.45,2690.8,2669.7,2677.5,2688.6,2686.4,2707.4,2709.85,2702.55,2703.6,2712.9,2737.85,2754.35,2753.0,2766.8,2768.45,2801.15,2806.65,2825.5,2835.15,2851.95,2862.3,2864.9,2893.4,2923.6
44,1989.4,2005.2,1990.3,1970.2,1950.15,1936.55,1932.55,1904.2,1909.6,1923.3,1927.4,1902.6,1912.6,1921.2,1923.2,1901.9,1884.3,1892.15,1906.35,1916.25,1890.45,1869.95,1848.35,1825.55,1811.15,1800.35,1789.25,1771.25,1751.05,1813.85,1820.3,1821.55,1839.65,1840.25,1839.4,1840.65,1841.3,1846.85,1849.35,1895.95,1890.7,1875.0,1855.85,1845.4,1833.8,1827.5,1823.4,1815.95,1799.75,1823.55,1815.55,1817.2,1816.8,1836.8,1837.2,1829.0,1836.05,1859.3,1866.05,1916.05,1924.05,1955.75,1969.4,1992.15,2011.5,2040.9,2067.7,2095.75,2123.6,2173.9,2130.2,2151.2,2161.6,2178.8,2190.5,2205.9,2225.3,2246.1,2263.9,2298.0,2290.5,2235.5,2230.5,2165.5,2173.0,2113.0,2093.0,2085.5,2043.0,2048.0,2032.5,1987.85,1985.7,1972.95,1957.65,1953.95,1952.8,1933.35,1897.4,1909.3
45,1984.45,1958.2,1948.85,1947.5,1945.95,1966.45,1974.2,1986.35,2009.3,2037.5,2063.85,2084.65,2104.1,2120.55,2142.45,2157.1,2170.15,2192.8,2209.8,2257.2,2281.85,2290.0,2304.15,2321.75,2326.2,2342.05,2356.05,2370.5,2390.25,2423.95,2448.45,2469.85,2499.5,2528.9,2554.65,2584.25,2610.0,2640.25,2664.75,2699.25,2729.55,2758.55,2781.65,2813.15,2841.0,2865.75,2891.05,2916.0,2936.3,2972.3,2996.7,3024.65,3051.2,3076.0,3101.8,3130.65,3158.75,3184.1,3210.6,3252.1,3278.0,3307.65,3334.35,3362.15,3387.15,3414.2,3439.4,3466.5,3497.95,3538.95,3564.15,3591.25,3617.05,3643.2,3669.45,3698.1,3726.2,3755.9,3785.7,3834.7,3860.75,3885.95,3915.65,3943.6,3971.45,3997.3,4026.3,4053.6,4079.9,4125.9,4152.55,4180.95,4207.1,4234.05,4260.25,4285.7,4312.15,4336.45,4362.6,4410.1
46,2020.65,2016.45,1985.55,1968.85,1959.5,1953.65,1936.5,1932.7,1908.85,1953.95,1980.8,1991.45,2007.65,2019.95,2036.55,2050.8,2059.5,2062.25,2083.3,2113.8,2115.05,2123.25,2133.85,2148.55,2161.9,2161.8,2170.05,2179.95,2189.3,2243.4,2241.2,2243.9,2270.95,2293.05,2296.4,2315.5,2333.9,2344.7,2350.05,2350.05,2340.1,2317.35,2321.5,2304.2,2292.6,2279.6,2270.45,2257.3,2267.15,2286.85,2266.4,2248.35,2251.65,2225.6,2218.05,2230.75,2254.6,2247.15,2207.2,2215.6,2213.55,2202.55,2206.55,2193.25,2179.0,2169.4,2178.2,2166.45,2155.35,2155.85,2158.65,2146.7,2129.65,2131.6,2123.6,2131.4,2124.65,2125.8,2121.45,2138.05,2155.35,2149.9,2159.15,2164.65,2172.7,2167.85,2179.55,2199.8,2229.4,2257.1,2259.65,2269.9,2236.15,2233.05,2231.3,2219.1,2182.4,2174.4,2169.25,2169.75
47,2015.7,2044.2,2037.2,2045.65,2058.25,2060.55,2064.25,2067.2,2068.25,2113.25,2103.55,2093.8,2090.2,2085.55,2097.25,2073.6,2071.4,2072.2,2063.15,2110.45,2076.2,2082.9,2046.6,2015.15,2001.05,1998.2,1995.55,1979.45,1985.0,2019.1,1987.45,1978.45,1976.85,1971.1,1941.55,1938.85,1919.35,1914.7,1905.45,1929.75,1912.45,1901.1,1898.6,1874.85,1872.8,1860.35,1847.25,1861.3,1852.2,1864.4,1855.9,1859.75,1839.4,1839.25,1845.85,1846.75,1843.25,1836.35,1827.0,1849.4,1863.15,1879.8,1890.55,1896.5,1914.15,1927.65,1950.5,1963.85,1976.65,2024.55,2037.15,2024.5,2023.15,2020.6,2012.75,2015.45,2002.1,2014.05,2018.35,2057.25,2045.65,2059.45,2047.9,2040.1,2040.3,2025.65,2016.95,2004.6,1995.6,2035.7,2030.55,2027.2,2023.8,2018.65,2013.35,2005.4,2006.75,1999.4,1986.85,2055.55
48,2031.8,2011.5,2003.55,2006.85,1996.4,1993.95,1979.65,1968.05,1954.65,1984.85,2004.6,1985.95,1995.25,1993.15,1989.25,1995.25,1986.6,1998.5,1998.7,2055.7,2073.35,2060.0,2052.95,2058.55,2053.8,2055.7,2042.35,2052.55,2061.65,2088.75,2076.95,2051.95,2033.65,2030.85,2026.25,1997.05,2018.95,2011.05,1996.65,2017.05,2006.35,1997.3,1987.35,1958.15,1937.25,1928.25,1908.45,1900.9,1889.65,1884.45,1882.05,1873.3,1858.05,1834.95,1832.25,1825.8,1797.95,1766.45,1760.2,1788.2,1794.55,1785.05,1791.25,1786.5,1785.4,1792.95,1783.55,1782.75,1785.6,1815.1,1809.35,1784.35,1779.2,1782.85,1804.15,1781.75,1789.1,1776.35,1738.1,1783.1,1784.6,1774.3,1756.4,1741.95,1722.6,1715.1,1704.55,1692.0,1681.4,1714.2,1729.3,1753.35,1748.2,1759.9,1768.35,1765.55,1774.75,1794.65,1787.15,1818.95
49,2000.5,1989.2,1982.2,1972.8,1964.2,1961.4,1958.5,1943.8,1939.2,2002.2,1993.2,2007.35,1991.3,1989.7,1984.85,1995.1,1975.5,1968.3,1965.3,2010.9,2012.05,2022.85,2023.85,2029.55,2033.2,2034.6,2032.25,2032.25,2034.3,2071.5,2073.25,2051.2,2045.9,2041.1,2022.65,2005.15,2001.7,1988.95,1968.4,2027.8,2019.05,2013.5,2005.1,2000.2,2001.1,1992.95,1990.85,1976.8,1978.45,2010.35,2012.7,2021.0,2026.45,2036.85,2042.05,2053.5,2056.9,2067.0,2072.55,2130.65,2112.05,2114.8,2083.85,2056.25,2033.9,2022.2,2000.55,1979.8,1965.25,2036.35,2020.4,1985.05,1980.95,1979.05,1949.35,1923.8,1916.5,1906.55,1903.7,1929.9,1909.45,1894.55,1885.45,1870.05,1852.95,1839.8,1832.25,1817.55,1810.7,1878.6,1871.3,1854.95,1837.05,1827.2,1825.95,1799.45,1794.3,1780.1,1768.45,1804.15
50,2026.0,2055.2,2029.7,2052.7,2080.2,2022.3,2049.3,2076.4,2033.2,2057.2,2068.15,2070.95,2065.7,2077.55,2075.25,2068.7,2077.85,2074.1,2085.9,2125.2,2100.75,2096.5,2100.75,2124.25,2105.05,2081.7,2077.6,2069.7,2061.05,2101.95,2122.35,2116.45,2125.4,2128.25,2137.8,2139.0,2138.8,2142.6,2139.3,2195.9,2178.8,2192.05,2170.85,2157.85,2147.65,2148.35,2162.95,2154.0,2148.5,2148.0,2158.0,2163.25,2154.45,2171.05,2194.45,2204.85,2222.9,2240.95,2232.15,2258.85,2258.25,2270.3,2285.15,2288.1,2306.35,2301.45,2326.75,2326.6,2335.05,2363.35,2373.2,2382.75,2390.4,2409.5,2417.95,2429.7,2435.25,2449.55,2461.7,2514.1,2516.9,2511.7,2522.1,2533.8,2518.05,2523.75,2531.6,2527.2,2528.1,2559.9,2552.2,2550.2,2562.6,2571.85,2566.9,2573.05,2570.9,2572.8,2566.3,2617.7
51,1976.3,1926.75,1913.05,1905.2,1876.4,1848.05,1839.35,1800.4,1766.8,1795.5,1782.95,1799.7,1789.35,1794.6,1799.85,1808.9,1823.65,1830.15,1842.7,1872.3,1891.6,1905.9,1924.95,1934.15,1960.75,1972.05,1958.75,1982.3,2001.8,2016.4,2040.65,2040.75,2037.5,2029.7,2028.75,2018.15,1995.15,1978.35,1980.8,1992.0,1995.65,1993.6,2008.4,2013.95,1996.8,1994.25,2010.2,1999.7,1999.15,2035.35,2052.6,2055.6,2062.4,2075.6,2099.15,2113.3,2120.35,2131.25,2149.85,2181.85,2183.45,2182.4,2183.2,2194.8,2192.2,2202.25,2214.25,2231.1,2241.65,2258.05,2267.7,2277.35,2272.05,2261.85,2251.3,2235.55,2228.15,2218.7,2229.95,2245.65,2241.9,2250.3,2228.15,2236.0,2212.7,2193.9,2194.35,2194.75,2191.75,2233.15,2229.9,2225.45,2219.2,2229.75,2249.5,2258.3,2283.0,2290.85,2297.55,2311.05
52,1995.0,1982.5,1962.5,1950.0,1915.0,1872.5,1840.0,1792.5,1765.0,1750.0,1722.4,1737.7,1721.4,1690.5,1694.0,1676.45,1645.7,1646.85,1627.55,1623.25,1621.9,1638.65,1624.3,1630.3,1649.15,1632.05,1609.45,1592.95,1580.2,1591.3,1569.85,1569.95,1546.85,1543.85,1522.7,1540.4,1536.55,1541.65,1533.45,1541.35,1526.9,1505.65,1483.4,1452.2,1427.55,1405.25,1384.0,1362.45,1325.85,1379.05,1362.85,1331.55,1291.75,1245.85,1193.25,1159.05,1137.45,1107.05,1076.15,1162.25,1138.05,1097.25,1069.25,1066.85,1055.75,1022.75,980.95,953.25,922.45,925.55,894.95,881.55,849.95,826.05,824.45,806.15,779.95,757.45,722.45,735.45,711.2,677.1,636.8,613.65,599.7,574.05,548.9,510.4,480.9,543.6,500.8,475.5,397.3,354.8,336.7,330.5,301.1,303.9,297.7,290.2
53,1999.65,1971.95,1968.0,1950.45,1946.7,1941.15,1928.8,1925.15,1899.35,1903.55,1861.15,1808.85,1803.4,1809.05,1809.5,1806.0,1792.5,1805.0,1774.65,1787.55,1788.75,1765.55,1760.3,1742.05,1743.65,1720.0,1691.95,1687.95,1694.1,1703.6,1703.95,1701.5,1698.95,1706.95,1704.6,1706.05,1710.2,1717.35,1717.95,1767.65,1751.45,1737.9,1729.5,1716.75,1712.65,1722.45,1726.4,1733.55,1746.1,1773.8,1771.1,1775.8,1796.75,1800.75,1808.45,1813.4,1823.45,1840.6,1852.3,1889.3,1899.4,1908.6,1920.85,1909.05,1930.3,1937.15,1940.7,1951.0,1947.9,1939.8,1960.3,1976.55,1950.95,1950.15,1954.2,1937.75,1945.25,1953.4,1934.75,1949.15,1939.1,1948.35,1918.95,1907.2,1898.15,1897.75,1885.3,1848.1,1847.3,1848.9,1863.9,1845.5,1852.25,1840.45,1844.25,1852.3,1866.0,1868.75,1881.7,1888.3
54,1990.0,1985.5,2005.5,2033.5,2052.1,2075.3,2098.9,2122.8,2143.8,2167.3,2183.8,2209.3,2229.8,2255.3,2276.8,2304.3,2333.3,2360.8,2389.8,2417.3,2444.5,2470.65,2496.1,2523.8,2550.65,2573.5,2602.25,2630.25,2654.85,2692.85,2716.45,2739.6,2767.15,2790.3,2818.7,2844.75,2871.6,2902.0,2927.15,2962.15,2988.5,3015.35,3043.55,3068.9,3096.7,3123.1,3152.7,3180.05,3206.15,3256.15,3285.85,3314.6,3340.65,3369.35,3397.15,3424.7,3451.65,3478.9,3507.5,3557.5,3587.1,3615.25,3643.3,3669.85,3696.0,3725.55,3754.35,3782.2,3808.85,3858.85,3888.3,3915.05,3944.55,3970.7,3997.15,4025.35,4052.3,4081.1,4108.35,4158.35,4185.6,4215.2,4242.7,4270.75,4298.35,4326.35,4356.1,4385.75,4412.0,4462.0,4490.05,4520.9,4547.3,4574.6,4600.8,4628.6,4656.25,4684.95,4711.35,4761.35
55,1964.7,1946.55,1935.35,1911.7,1884.55,1847.6,1830.3,1796.45,1743.55,1779.45,1747.8,1699.35,1655.75,1667.35,1665.25,1665.25,1662.05,1666.2,1631.2,1649.9,1653.4,1653.3,1653.3,1640.45,1629.1,1620.6,1618.9,1615.8,1618.0,1683.0,1702.1,1696.7,1692.0,1690.0,1673.8,1657.4,1641.9,1639.5,1622.4,1610.9,1586.65,1585.45,1575.8,1573.45,1588.9,1609.65,1618.55,1626.4,1646.65,1670.45,1657.65,1667.45,1698.25,1709.85,1716.85,1734.35,1748.85,1766.05,1777.75,1806.05,1778.35,1755.95,1730.2,1735.85,1727.5,1713.85,1699.5,1681.35,1668.15,1722.95,1701.5,1704.6,1707.9,1704.1,1706.2,1693.75,1699.25,1716.3,1713.2,1750.5,1759.15,1760.25,1758.3,1750.6,1748.5,1749.85,1750.2,1735.6,1737.55,1785.85,1783.35,1794.7,1796.35,1799.75,1814.4,1825.05,1824.65,1821.6,1816.15,1846.05
56,2023.95,1988.95,1984.75,1994.5,1987.1,1978.3,1963.05,1947.85,1946.95,2008.95,2002.6,2008.95,2016.35,1995.25,1985.3,1961.55,1954.65,1952.25,1927.8,1967.9,1949.25,1941.55,1916.45,1916.8,1920.05,1913.45,1875.55,1879.65,1886.65,1896.45,1884.75,1869.4,1864.3,1852.6,1827.25,1831.6,1822.5,1797.65,1780.95,1824.45,1815.35,1822.0,1821.75,1811.45,1796.25,1785.05,1792.6,1794.7,1783.5,1800.6,1806.2,1811.35,1807.0,1818.9,1831.35,1830.45,1823.45,1823.85,1825.45,1856.35,1840.45,1828.55,1817.3,1824.25,1811.95,1789.6,1788.15,1769.4,1782.8,1816.7,1815.35,1816.65,1808.5,1812.4,1803.1,1780.4,1782.0,1798.55,1822.8,1851.3,1820.3,1809.7,1791.2,1763.7,1734.1,1718.6,1708.9,1698.8,1673.3,1704.8,1689.7,1662.2,1647.8,1613.3,1577.6,1552.5,1528.7,1510.1,1505.5,1547.1
57,1970.0,1940.7,1948.9,1962.2,1927.4,1922.9,1901.2,1885.1,1892.5,1886.9,1873.4,1858.0,1857.0,1855.6,1840.15,1836.55,1836.3,1837.05,1827.45,1862.45,1854.9,1850.1,1861.65,1875.55,1878.35,1877.35,1883.1,1891.85,1897.6,1932.4,1932.4,1941.05,1935.85,1942.65,1945.2,1939.95,1942.55,1931.7,1933.15,1936.35,1925.3,1914.5,1906.5,1909.0,1888.5,1885.4,1874.3,1858.95,1861.3,1916.8,1895.1,1866.0,1829.8,1812.0,1780.5,1788.6,1768.0,1765.9,1753.7,1797.6,1799.15,1789.05,1804.95,1797.55,1802.25,1810.4,1792.6,1787.8,1773.95,1799.95,1807.25,1814.3,1816.55,1811.65,1815.4,1820.4,1819.85,1828.7,1829.5,1891.7,1873.55,1859.65,1847.7,1816.45,1795.7,1775.1,1765.8,1758.25,1756.75,1806.85,1791.5,1779.9,1760.0,1748.7,1733.05,1719.05,1704.7,1696.45,1682.6,1716.0
58,1965.0,1925.0,1912.5,1900.0,1850.0,1830.0,1810.0,1792.5,1782.5,1750.0,1741.7,1741.1,1774.05,1791.5,1809.15,1816.8,1823.9,1840.3,1853.75,1863.35,1891.75,1917.2,1945.85,1973.85,2000.6,2026.75,2057.75,2084.35,2110.2,2160.2,2184.85,2212.55,2239.75,2267.5,2296.25,2322.5,2350.2,2379.0,2406.55,2456.55,2482.7,2512.5,2539.65,2569.0,2597.4,2625.4,2653.15,2683.15,2710.8,2760.8,2786.95,2814.6,2840.6,2868.2,2895.55,2923.35,2953.0,2981.35,3009.25,3059.25,3087.55,3115.0,3141.9,3168.8,3196.65,3221.3,3248.5,3278.25,3304.8,3354.8,3383.0,3413.3,3441.85,3467.9,3495.85,3523.9,3552.75,3582.05,3608.1,3658.1,3686.5,3713.85,3740.2,3767.4,3794.4,3821.55,3849.45,3878.1,3907.25,3957.25,3986.15,4013.15,4037.85,4066.1,4092.7,4120.85,4149.75,4175.7,4204.9,4254.9
59,2025.15,2022.15,2018.85,1991.05,1984.15,1953.95,1881.35,1849.65,1834.5,1827.3,1843.0,1840.3,1854.15,1853.5,1872.3,1867.3,1873.85,1851.05,1858.8,1863.8,1870.15,1883.1,1887.55,1862.8,1835.35,1836.55,1797.7,1803.0,1770.75,1738.05,1743.65,1723.8,1713.65,1714.2,1711.05,1703.55,1703.55,1691.85,1685.9,1761.0,1726.8,1723.0,1725.65,1724.2,1698.1,1689.4,1672.9,1685.55,1696.35,1738.05,1735.3,1752.75,1752.2,1769.6,1780.25,1785.45,1787.55,1782.25,1799.3,1799.8,1763.4,1730.2,1719.15,1702.45,1685.85,1661.05,1655.7,1634.0,1612.5,1659.1,1690.75,1697.85,1708.0,1726.5,1737.7,1759.7,1771.85,1788.55,1784.4,1775.6,1772.0,1778.2,1792.95,1801.9,1810.4,1809.1,1822.05,1839.2,1833.7,1871.5,1886.15,1884.05,1870.35,1843.2,1855.8,1860.55,1863.0,1862.5,1848.15,1860.45
60,2021.0,1996.0,2025.95,2017.95,2018.95,2017.8,2029.95,2006.95,2005.75,2041.75,2047.55,2017.0,2004.7,2013.45,2002.3,2013.0,2008.25,2000.35,1984.8,2013.4,2020.6,2033.1,2043.2,2060.8,2060.4,2063.05,2061.6,2069.8,2068.1,2106.1,2089.15,2083.75,2097.9,2087.5,2092.3,2089.0,2082.75,2083.65,2065.65,2113.25,2111.85,2120.5,2129.85,2125.05,2133.9,2140.8,2136.9,2129.85,2131.6,2188.3,2163.25,2164.95,2162.6,2164.7,2155.45,2118.85,2132.25,2128.8,2145.85,2185.65,2181.3,2192.5,2194.3,2192.25,2193.45,2195.35,2194.15,2188.5,2189.1,2249.7,2271.1,2270.95,2264.15,2260.15,2266.6,2262.8,2265.1,2269.95,2272.25,2299.15,2285.5,2285.1,2271.1,2287.3,2271.35,2281.8,2283.45,2280.05,2284.0,2338.1,2348.3,2350.8,2340.0,2333.15,2333.05,2322.7,2297.05,2283.4,2284.85,2318.75
61,1982.75,1958.85,1933.1,1904.45,1882.35,1859.9,1833.95,1802.7,1775.95,1865.15,1887.85,1892.85,1906.0,1913.75,1923.5,1926.2,1937.85,1950.5,1960.35,2007.05,2022.95,1995.45,1957.95,1947.95,1907.95,1882.95,1877.95,1867.95,1825.45,1792.95,1785.8,1766.55,1760.6,1745.45,1741.2,1729.3,1714.5,1690.05,1669.7,1700.9,1679.6,1667.4,1667.2,1646.1,1634.7,1639.6,1654.1,1650.4,1645.0,1636.9,1631.55,1617.2,1600.9,1582.3,1562.7,1565.35,1571.3,1559.6,1552.6,1576.8,1599.4,1615.6,1624.8,1638.2,1654.6,1667.5,1691.4,1710.7,1731.8,1752.7,1774.4,1793.35,1792.5,1813.3,1827.3,1843.25,1864.65,1886.15,1894.55,1926.65,1941.75,1961.45,1980.25,2012.05,2029.25,2042.55,2060.25,2086.45,2105.35,2123.95,2151.45,2171.45,2194.45,2222.45,2240.45,2265.45,2297.45,2318.45,2349.95,2373.95
62,1968.7,1926.5,1879.9,1837.8,1795.7,1760.0,1735.7,1696.8,1658.2,1758.2,1752.1,1777.2,1784.3,1779.45,1787.3,1800.05,1806.85,1805.5,1803.9,1843.2,1861.0,1856.25,1845.25,1837.65,1843.7,1861.15,1859.75,1838.25,1824.3,1848.8,1859.4,1868.4,1878.25,1883.1,1890.7,1893.7,1908.1,1912.15,1925.9,1973.8,1969.5,1972.0,1978.75,1983.05,1963.1,1938.7,1918.9,1939.7,1938.55,1939.65,1932.1,1927.95,1898.25,1898.05,1890.7,1883.65,1869.4,1859.85,1861.2,1911.8,1931.85,1950.15,1977.3,2004.45,2028.85,2060.5,2090.2,2116.5,2143.4,2179.4,2209.45,2240.1,2270.7,2298.2,2324.0,2348.7,2374.85,2399.75,2426.8,2465.8,2492.05,2516.2,2544.1,2570.9,2597.35,2620.35,2649.3,2678.8,2704.55,2740.05,2748.9,2775.85,2801.1,2817.95,2835.2,2856.05,2872.9,2891.1,2908.5,2953.8
63,2023.0,2005.5,2005.0,1988.1,1965.9,1967.6,1966.35,1958.35,1930.95,1934.95,1914.25,1913.55,1918.95,1924.45,1943.85,1966.85,1987.85,2014.45,2040.75,2069.65,2070.2,2071.95,2078.4,2087.7,2105.2,2115.7,2121.95,2114.95,2113.5,2153.9,2134.8,2100.15,2081.85,2091.2,2065.6,2036.1,1988.25,1955.0,1956.85,1989.65,2003.55,1986.25,1985.25,1976.65,1983.75,1966.05,1973.95,1960.15,1971.65,1978.15,1985.45,1945.25,1940.95,1940.15,1942.05,1932.95,1930.95,1914.95,1884.55,1938.65,1923.5,1926.65,1937.35,1915.1,1921.05,1921.75,1908.5,1927.1,1918.3,1915.3,1901.1,1900.3,1870.5,1863.7,1840.5,1806.1,1784.3,1760.5,1751.1,1764.6,1734.6,1711.0,1686.3,1674.8,1644.3,1615.9,1614.5,1624.2,1623.8,1618.1,1614.7,1597.3,1560.8,1538.5,1523.7,1510.0,1503.5,1518.1,1513.7,1515.7
64,1980.6,1964.05,1952.85,1943.25,1943.15,1947.05,1943.15,1958.8,1950.4,1962.4,1942.2,1926.9,1915.8,1901.7,1880.7,1876.1,1842.35,1831.35,1803.2,1825.5,1838.1,1837.0,1809.6,1802.3,1786.6,1757.3,1718.25,1712.2,1711.55,1769.15,1756.85,1762.15,1769.85,1783.25,1790.8,1804.1,1807.1,1821.4,1833.9,1878.2,1879.15,1883.5,1877.1,1876.7,1879.5,1892.2,1905.4,1914.75,1926.5,1981.5,2010.0,2031.5,2055.5,2079.5,2106.0,2131.0,2157.5,2188.0,2208.0,2231.5,2256.45,2259.0,2259.0,2237.7,2228.7,2228.05,2222.7,2218.85,2195.95,2238.35,2243.55,2238.25,2229.0,2213.9,2206.4,2197.8,2188.7,2168.95,2159.1,2235.1,2172.6,2141.6,2127.6,2102.2,2074.8,2049.1,1988.9,1964.4,1937.6,1942.6,1938.8,1927.4,1924.8,1898.9,1894.3,1868.5,1855.5,1831.4,1806.1,1832.9
65,1968.7,1927.0,1884.2,1836.1,1855.8,1834.9,1835.1,1816.3,1784.8,1779.8,1755.25,1738.8,1707.15,1677.0,1665.1,1646.55,1610.85,1587.65,1529.25,1598.45,1564.65,1541.45,1518.15,1477.65,1425.25,1410.45,1400.05,1348.75,1339.65,1394.65,1393.85,1351.65,1338.65,1290.65,1263.95,1239.85,1211.05,1189.45,1143.85,1157.75,1143.55,1121.15,1114.55,1095.55,1070.75,1044.95,1021.25,980.55,941.95,926.95,880.45,857.75,807.25,795.95,761.35,712.85,688.25,664.15,628.05,628.05,636.95,625.75,593.6,615.1,586.35,560.45,537.35,535.0,513.55,506.55,500.75,491.35,460.75,469.55,463.55,452.45,433.95,426.25,386.15,382.65,333.45,319.25,313.25,299.95,267.95,247.35,241.45,233.55,231.35,204.95,193.65,173.45,178.25,168.25,176.05,161.55,144.85,140.35,117.75,129.55
66,1990.0,1987.5,1988.5,1981.25,1954.6,1944.15,1932.75,1915.25,1878.3,1863.4,1813.4,1805.9,1790.9,1760.9,1753.4,1743.4,1738.4,1708.4,1658.4,1613.4,1569.6,1549.5,1545.95,1524.5,1515.2,1502.45,1493.95,1486.15,1483.15,1514.25,1521.85,1546.9,1570.4,1598.85,1627.95,1657.5,1688.7,1715.65,1744.15,1794.15,1820.6,1850.55,1879.1,1905.05,1934.05,1962.75,1990.0,2016.8,2043.8,2093.8,2122.6,2142.1,2163.55,2192.4,2204.4,2226.85,2250.35,2272.65,2298.85,2341.45,2365.8,2387.9,2417.95,2437.7,2457.95,2483.85,2514.05,2524.85,2552.85,2584.25,2611.65,2639.85,2669.0,2697.75,2724.15,2750.95,2779.25,2807.9,2835.2,2885.2,2912.25,2936.3,2942.65,2908.85,2900.75,2892.6,2896.1,2873.0,2816.1,2810.8,2823.3,2823.35,2800.0,2806.3,2811.45,2834.85,2848.7,2845.6,2858.95,2903.25
67,2026.5,2009.0,1995.8,1991.8,1969.75,1943.6,1926.6,1918.25,1878.35,1878.45,1875.25,1880.85,1885.0,1900.1,1907.55,1914.4,1926.4,1946.45,1947.4,1964.1,1990.1,2013.6,2037.1,2069.1,2096.6,2116.6,2137.6,2167.1,2188.1,2214.1,2223.4,2167.7,2161.45,2158.05,2147.05,2150.2,2137.1,2112.55,2101.05,2101.15,2110.95,2118.75,2132.15,2130.75,2147.95,2148.15,2149.55,2164.35,2168.15,2156.15,2158.85,2145.65,2138.5,2136.85,2139.8,2129.15,2107.65,2107.3,2098.45,2165.55,2129.7,2111.85,2104.8,2089.9,2061.05,2033.05,2013.2,2007.3,1988.95,2008.65,1981.15,1933.65,1881.15,1843.65,1838.65,1781.15,1756.15,1728.65,1751.15,1758.65,1731.15,1698.65,1666.15,1636.15,1618.65,1603.65,1566.15,1566.15,1533.65,1508.65,1499.55,1474.15,1458.15,1425.25,1398.55,1386.35,1393.75,1394.75,1408.25,1419.05
68,1996.4,1994.8,1981.1,2001.8,1986.1,1964.5,1951.1,1959.3,1941.9,1938.7,1897.9,1881.3,1897.7,1890.7,1896.3,1896.0,1877.9,1871.9,1853.7,1838.6,1867.3,1848.0,1849.7,1832.4,1833.8,1824.4,1802.7,1785.1,1780.1,1784.3,1778.05,1788.0,1774.6,1768.8,1745.8,1731.45,1743.45,1749.0,1758.8,1733.1,1716.7,1690.4,1671.8,1659.4,1676.2,1654.0,1624.9,1622.7,1613.1,1583.7,1601.1,1630.4,1637.9,1642.3,1652.9,1675.1,1690.6,1683.5,1682.2,1695.8,1689.55,1698.6,1713.85,1717.1,1719.85,1712.85,1729.0,1711.95,1722.75,1732.55,1754.05,1748.15,1749.15,1754.95,1754.15,1751.75,1755.95,1758.65,1782.65,1788.15,1790.95,1783.25,1802.95,1838.35,1832.45,1847.15,1857.75,1868.85,1873.15,1894.55,1890.7,1869.7,1866.7,1872.3,1849.95,1830.6,1809.8,1825.8,1832.0,1859.3
69,2007.6,1986.3,1980.8,1934.2,1905.1,1865.1,1859.2,1836.75,1822.25,1913.65,1896.15,1922.15,1887.65,1894.1,1892.65,1879.15,1883.75,1875.1,1862.1,1864.6,1877.1,1872.35,1872.1,1877.1,1887.3,1884.65,1877.25,1881.85,1868.2,1902.5,1896.0,1877.8,1879.2,1876.2,1871.1,1873.7,1861.15,1860.7,1849.35,1900.25,1902.35,1892.05,1896.2,1886.15,1883.45,1875.55,1868.35,1877.2,1884.5,1912.5,1917.2,1901.25,1907.5,1901.8,1908.55,1912.15,1910.5,1913.95,1914.0,1959.0,1962.65,1949.45,1932.65,1936.95,1933.9,1917.35,1897.05,1879.15,1903.95,1923.05,1934.25,1945.9,1944.05,1961.65,1967.75,1963.55,1977.15,1975.35,1977.0,2002.1,1966.75,1975.65,1969.9,1941.75,1941.6,1916.35,1905.55,1903.6,1889.55,1941.35,1945.95,1938.45,1929.3,1930.0,1933.55,1938.05,1931.85,1913.25,1898.85,1933.25
70,1980.0,2009.65,2003.35,1975.1,1967.25,1973.95,1965.65,1965.35,1967.05,2000.95,2028.0,2042.55,2046.45,2049.5,2064.0,2083.45,2091.7,2099.4,2107.9,2150.1,2144.1,2128.2,2127.45,2132.1,2138.75,2142.05,2149.85,2160.6,2156.8,2201.8,2216.3,2231.7,2239.05,2256.45,2246.25,2255.15,2241.2,2246.6,2250.5,2277.2,2284.85,2293.0,2306.85,2310.95,2305.8,2303.2,2308.45,2303.05,2306.25,2333.65,2350.35,2355.45,2360.65,2359.55,2376.1,2412.15,2423.8,2453.55,2452.4,2471.2,2444.5,2424.1,2425.95,2418.2,2415.55,2395.9,2367.2,2357.9,2358.0,2373.5,2369.85,2378.45,2377.3,2382.05,2376.0,2366.65,2345.85,2351.1,2344.15,2382.25,2362.6,2346.45,2343.75,2345.9,2330.15,2312.7,2312.0,2312.15,2307.6,2352.5,2357.0,2363.9,2353.0,2353.45,2345.95,2325.45,2312.7,2310.25,2322.2,2363.1
71,1982.1,1960.3,1932.2,1915.9,1912.0,1887.1,1863.1,1847.9,1817.7,1811.5,1803.55,1806.5,1782.75,1754.1,1737.5,1724.6,1712.45,1726.5,1707.2,1704.8,1684.05,1680.7,1685.05,1662.45,1653.05,1628.45,1625.75,1610.05,1602.2,1635.6,1656.9,1671.2,1684.85,1697.15,1713.2,1738.1,1755.35,1769.65,1768.6,1804.8,1829.95,1848.4,1858.95,1867.55,1860.9,1875.75,1894.1,1908.35,1908.75,1934.75,1938.85,1953.3,1956.5,1967.45,1989.15,1999.5,2009.4,2002.9,2001.0,2046.6,2069.7,2093.0,2109.65,2133.85,2157.8,2167.05,2191.85,2203.45,2220.85,2256.65,2235.45,2219.25,2219.05,2194.1,2188.4,2180.0,2160.55,2141.7,2131.5,2197.6,2210.2,2230.2,2211.8,2217.0,2217.0,2227.5,2240.3,2238.2,2243.7,2247.3,2248.15,2249.95,2256.65,2256.3,2264.5,2280.15,2289.85,2305.9,2312.35,2324.75
72,2001.5,1977.9,1971.0,1967.4,1964.8,1927.5,1925.8,1898.6,1873.4,1916.7,1912.65,1907.7,1891.3,1875.5,1880.1,1890.9,1883.9,1879.15,1888.2,1929.8,1938.95,1942.15,1960.45,1963.3,1969.35,1969.25,1977.45,1971.65,1973.1,1983.3,1979.85,1981.4,1980.5,1974.75,1983.75,1972.5,1964.7,1966.25,1957.5,2007.9,2008.55,2014.1,2006.55,1994.4,1998.5,2002.15,2006.0,2001.25,2011.05,2044.55,2051.05,2053.55,2051.3,2042.8,2028.25,1980.2,1972.0,1970.0,1974.8,2034.9,2058.1,2015.15,2027.85,2013.25,2018.7,2020.15,2009.3,2025.85,2039.15,2059.95,2048.6,2050.25,2062.15,2040.4,2046.7,2039.7,2021.25,2011.65,2018.85,2043.95,2028.75,2022.85,2026.25,2032.6,2025.85,2013.7,2009.15,1996.3,1983.65,2029.05,2028.1,2029.05,2029.55,2050.45,2048.85,2039.15,2034.0,2035.45,2047.7,2077.2
73,1998.5,2010.9,1997.95,1998.35,1985.8,1982.65,1972.05,1944.2,1929.8,1962.8,1952.2,1965.6,1955.15,1944.7,1947.0,1957.5,1972.6,1976.75,1985.2,1986.4,1988.75,1978.8,1989.25,1990.8,1997.7,1984.4,1981.25,1966.5,1960.7,1988.8,1966.25,1976.75,1979.85,1992.2,1982.45,1985.55,1989.65,1995.9,1989.2,2023.5,2034.7,2031.1,2032.7,2029.3,2026.6,2010.5,2022.0,2028.1,2008.1,2053.8,2062.7,2056.7,2062.4,2055.35,2059.0,2060.35,2072.35,2078.95,2086.0,2110.0,2128.45,2132.4,2130.15,2136.55,2111.6,2090.45,2078.85,2111.1,2114.1,2118.5,2135.5,2149.65,2160.05,2175.75,2168.8,2194.0,2180.85,2169.95,2183.4,2207.2,2231.05,2252.55,2259.8,2263.95,2281.45,2294.9,2313.6,2336.65,2340.55,2383.45,2398.25,2408.0,2414.8,2430.35,2448.95,2461.2,2481.35,2500.15,2510.25,2547.55
74,2025.5,2042.75,2049.05,2071.05,2081.15,2099.6,2124.5,2143.75,2164.0,2211.0,2225.75,2239.5,2241.1,2228.15,2214.85,2226.55,2209.85,2177.7,2178.35,2214.55,2178.3,2161.05,2151.2,2138.85,2126.4,2114.9,2099.3,2096.4,2079.15,2136.25,2098.05,2088.15,2071.35,2101.45,2091.75,2103.4,2083.9,2090.15,2093.75,2108.85,2129.15,2106.35,2123.55,2116.1,2144.55,2149.75,2167.3,2182.7,2203.05,2228.05,2190.55,2138.05,2130.55,2115.55,2063.05,2020.55,2008.05,2000.55,2005.55,1978.05,1979.75,1963.45,1952.25,1948.5,1940.85,1933.75,1938.8,1944.0,1917.2,1963.8,1972.1,1998.8,2018.45,2035.45,2056.05,2074.15,2091.7,2116.5,2132.9,2172.0,2196.2,2220.9,2246.85,2276.2,2300.75,2326.85,2358.2,2380.35,2407.85,2442.85,2470.6,2496.4,2516.25,2543.7,2569.2,2594.25,2619.8,2645.3,2673.55,2711.55
75,1997.3,2006.0,2015.35,2021.15,2016.7,2031.55,2041.1,2049.05,2046.4,2057.7,2071.15,2083.7,2095.8,2106.1,2114.85,2132.25,2135.55,2149.7,2158.25,2209.95,2210.35,2231.2,2221.05,2241.55,2265.6,2279.65,2289.1,2292.7,2298.15,2327.95,2342.65,2362.4,2375.3,2391.2,2413.4,2430.0,2454.1,2476.5,2495.25,2543.75,2554.95,2543.65,2545.3,2556.1,2564.2,2577.55,2580.35,2582.15,2580.35,2609.05,2615.6,2630.6,2640.9,2634.3,2624.1,2613.7,2617.95,2641.1,2653.75,2688.65,2701.3,2722.1,2728.95,2731.65,2740.25,2756.5,2774.7,2766.65,2776.4,2808.2,2821.4,2806.35,2790.95,2772.75,2758.9,2751.7,2736.3,2708.55,2679.45,2726.75,2752.5,2770.8,2790.3,2806.95,2818.95,2832.45,2850.6,2874.4,2884.2,2924.0,2930.3,2924.9,2918.95,2909.7,2923.15,2914.4,2926.8,2931.1,2926.6,2940.7
76,1995.5,2010.1,2027.05,2035.35,2021.25,2002.5,1996.5,1991.0,1999.15,2047.55,2031.2,2034.05,2030.6,2027.0,2028.75,2030.65,2029.8,2038.1,2053.7,2114.5,2092.75,2081.05,2049.45,2014.1,1998.8,1996.3,1979.75,1960.35,1944.35,2019.05,2047.0,2071.6,2101.0,2127.9,2153.95,2182.85,2208.15,2238.3,2268.15,2317.15,2328.4,2341.3,2346.5,2343.5,2348.2,2339.35,2327.75,2288.3,2272.25,2249.45,2214.45,2179.45,2174.45,2106.95,2091.95,2039.45,2026.95,2016.95,2006.95,1999.45,1986.95,1991.8,1992.4,1990.25,1986.75,1979.15,1958.8,1917.35,1900.05,1919.25,1903.5,1933.1,1961.95,1989.5,2018.15,2045.6,2072.1,2099.5,2127.1,2177.1,2204.95,2222.75,2219.4,2232.4,2248.75,2261.55,2274.75,2290.95,2302.95,2341.15,2354.7,2362.1,2379.15,2399.8,2420.85,2433.9,2445.85,2454.4,2474.1,2521.8
77,2015.5,2042.2,2019.7,1990.7,1993.85,1995.6,1978.55,1965.85,1942.7,1987.1,1975.0,1988.75,2009.35,2022.45,2029.85,2038.7,2042.65,2061.95,2065.4,2101.2,2120.95,2132.1,2150.4,2165.1,2179.1,2197.95,2212.55,2235.35,2254.5,2292.6,2284.65,2295.65,2294.7,2300.8,2296.4,2309.0,2307.9,2310.65,2315.1,2344.6,2317.6,2302.6,2286.05,2260.4,2275.7,2264.9,2255.3,2240.6,2235.0,2227.9,2229.1,2220.55,2203.95,2200.9,2187.3,2174.35,2184.65,2168.25,2165.2,2163.0,2163.45,2168.4,2165.7,2127.45,2115.95,2112.0,2116.55,2140.25,2132.15,2140.25,2114.8,2109.35,2103.15,2085.9,2093.5,2095.95,2080.3,2071.2,2064.0,2100.2,2091.45,2086.75,2081.8,2086.15,2084.25,2081.65,2076.55,2073.65,2062.05,2076.75,2105.55,2143.85,2175.15,2177.45,2189.05,2184.45,2200.35,2220.75,2231.75,2251.65
78,1965.0,1992.35,1991.0,1975.15,1993.55,1992.05,2002.05,2008.15,2014.0,2034.4,2010.35,1989.3,1991.45,1975.8,1973.65,1976.9,1962.65,1948.55,1943.2,1979.7,1983.75,1987.45,1980.7,1975.85,1982.25,1991.7,2002.4,1996.4,1997.05,2015.45,2021.45,2024.95,2032.35,2036.65,2040.25,2054.6,2053.05,2039.6,2044.5,2094.2,2102.05,2090.9,2080.65,2075.75,2079.2,2075.55,2072.65,2061.5,2061.8,2102.9,2106.8,2111.1,2107.55,2095.95,2099.65,2081.3,2069.75,2063.05,2050.85,2079.15,2095.1,2092.7,2100.05,2108.5,2115.75,2125.4,2132.8,2132.1,2130.25,2179.25,2194.05,2209.2,2211.45,2233.5,2233.3,2250.3,2246.75,2239.85,2257.05,2288.55,2297.15,2280.5,2279.05,2294.95,2281.45,2284.7,2282.05,2289.1,2277.85,2314.95,2316.35,2311.6,2329.6,2339.1,2354.5,2361.2,2344.8,2342.3,2326.75,2339.35
79,2024.8,2031.3,2040.95,2041.85,2047.25,2067.95,2084.65,2095.05,2104.1,2132.1,2114.75,2119.3,2113.95,2116.2,2117.35,2126.7,2121.55,2121.85,2124.2,2156.3,2163.6,2177.05,2191.75,2178.5,2176.5,2178.5,2169.65,2173.25,2184.25,2178.95,2184.95,2197.55,2196.55,2211.5,2203.15,2198.65,2206.25,2220.5,2234.7,2253.5,2249.4,2272.05,2273.9,2279.65,2270.55,2278.3,2276.15,2271.4,2268.8,2325.7,2323.95,2332.45,2320.95,2315.25,2288.2,2281.95,2278.95,2262.2,2236.65,2291.05,2275.75,2261.45,2278.85,2262.95,2272.95,2253.15,2222.75,2209.05,2188.45,2192.85,2213.75,2184.2,2184.95,2165.7,2150.05,2122.6,2103.4,2066.7,2049.05,2023.15,2042.2,2026.9,2036.4,2031.5,2026.25,2029.85,2028.7,2019.8,2029.4,2064.6,2054.35,2054.7,2048.8,2049.85,2043.2,2064.45,2058.65,2054.75,2037.3,2079.5
80,1993.3,2001.9,2009.7,2006.5,1984.8,1961.7,1952.4,1938.4,1933.3,1958.6,1920.4,1901.15,1882.7,1860.9,1841.25,1837.85,1822.75,1797.75,1792.0,1829.2,1857.35,1882.55,1908.55,1931.6,1956.8,1979.35,1999.65,2025.7,2054.15,2089.15,2092.45,2107.65,2118.9,2112.8,2124.7,2135.35,2150.7,2170.5,2180.6,2170.8,2167.65,2159.7,2151.3,2149.05,2135.3,2107.4,2087.2,2083.1,2072.15,2089.85,2086.4,2075.6,2051.95,2040.25,2035.25,2026.0,2012.15,1997.85,1979.8,2051.1,2049.45,2040.1,2042.75,2033.65,2030.05,2033.3,2017.7,2015.45,2017.75,2078.25,2107.15,2122.35,2141.85,2160.9,2184.1,2210.0,2227.55,2249.25,2269.7,2314.5,2342.55,2370.6,2400.1,2427.15,2455.45,2483.15,2509.1,2536.85,2565.95,2610.95,2612.75,2617.1,2625.2,2628.05,2635.25,2641.7,2641.25,2641.3,2648.0,2709.0
81,2022.0,2044.55,2038.95,2055.4,2071.85,2071.05,2071.05,2063.2,2055.1,2082.3,2099.0,2113.55,2133.7,2150.25,2175.05,2200.7,2210.15,2222.1,2224.25,2255.65,2262.15,2267.8,2289.95,2304.4,2299.35,2292.9,2297.15,2303.45,2318.0,2338.1,2356.15,2364.0,2366.6,2381.3,2390.05,2398.95,2402.65,2424.4,2421.7,2456.9,2461.45,2477.85,2489.8,2492.15,2487.9,2495.15,2504.9,2498.25,2512.85,2528.85,2534.95,2542.0,2553.55,2567.85,2577.95,2580.35,2584.9,2602.45,2614.35,2646.35,2667.9,2693.2,2706.25,2733.05,2758.45,2779.95,2796.4,2820.1,2853.15,2876.35,2881.95,2903.35,2911.95,2922.3,2927.85,2938.35,2950.2,2966.7,2976.7,3000.4,2999.7,3000.3,3030.5,3051.75,3055.4,3084.05,3074.1,3093.85,3118.4,3155.3,3165.4,3170.0,3179.7,3180.6,3190.1,3213.1,3227.5,3245.05,3267.45,3287.25
82,1960.0,1985.5,1998.05,1994.85,1965.95,1979.45,1971.45,1984.45,1957.2,2000.3,2000.3,1995.6,1998.05,1980.6,1941.05,1911.65,1900.75,1879.5,1882.7,1852.8,1855.7,1847.2,1815.6,1787.3,1786.6,1782.55,1765.9,1749.75,1741.95,1769.05,1735.2,1709.7,1695.1,1682.55,1688.45,1680.35,1689.45,1692.9,1696.5,1704.0,1705.35,1709.7,1702.4,1680.2,1688.0,1686.2,1688.5,1697.9,1692.45,1709.25,1729.15,1703.1,1702.05,1683.05,1664.9,1646.5,1629.75,1627.0,1613.15,1651.55,1644.05,1637.4,1629.35,1600.3,1596.5,1606.6,1604.9,1601.7,1602.6,1604.8,1602.45,1612.25,1621.7,1617.75,1609.55,1608.35,1608.65,1587.75,1588.55,1603.55,1581.0,1567.0,1549.3,1518.0,1464.2,1448.75,1425.95,1410.85,1388.25,1375.75,1366.85,1368.35,1318.65,1301.15,1294.95,1275.35,1269.75,1238.75,1250.15,1279.45
83,2007.35,2015.4,1982.6,1978.85,1963.7,1938.0,1931.3,1912.6,1873.85,1926.35,1926.6,1903.2,1882.05,1884.3,1865.45,1851.25,1837.1,1833.15,1816.1,1852.5,1831.3,1832.9,1844.55,1869.15,1876.05,1880.5,1880.05,1876.1,1877.9,1904.2,1915.05,1927.55,1921.25,1919.7,1925.1,1930.0,1935.65,1932.1,1921.3,1950.0,1960.2,1966.65,1959.6,1960.9,1960.15,1962.85,1963.45,1977.8,1978.9,2006.8,2031.85,2055.15,2084.3,2112.05,2137.55,2162.7,2191.45,2217.8,2246.65,2294.15,2312.25,2319.3,2329.25,2336.4,2336.7,2338.6,2335.8,2348.7,2352.85,2396.15,2403.7,2414.2,2416.4,2427.3,2440.0,2442.5,2461.5,2472.5,2477.25,2523.95,2538.5,2552.3,2564.9,2581.85,2600.8,2612.9,2624.75,2633.4,2640.25,2679.55,2678.75,2677.15,2668.85,2645.25,2642.55,2639.55,2630.75,2635.05,2632.25,2639.25
84,2024.65,2036.45,2047.85,2059.55,2074.95,2076.95,2083.8,2097.35,2111.3,2160.6,2185.7,2160.55,2151.6,2164.9,2154.15,2155.8,2152.9,2151.05,2159.55,2180.05,2188.95,2161.65,2149.55,2122.1,2120.6,2114.9,2122.15,2125.3,2127.1,2180.4,2192.3,2201.5,2179.9,2171.3,2170.85,2183.3,2169.05,2164.0,2151.55,2179.45,2155.35,2131.15,2106.55,2097.2,2097.6,2113.95,2107.15,2095.5,2089.45,2078.95,2055.45,2021.4,1997.7,1968.9,1959.55,1950.65,1929.85,1923.05,1894.85,1921.35,1881.85,1882.55,1877.65,1866.65,1877.1,1885.0,1894.0,1878.85,1882.4,1908.5,1859.95,1857.2,1864.1,1844.45,1842.6,1846.15,1848.2,1842.2,1830.7,1854.3,1857.6,1837.9,1824.05,1803.55,1795.2,1792.95,1793.0,1729.8,1698.2,1700.4,1728.35,1712.55,1726.3,1729.45,1735.2,1734.15,1736.4,1751.8,1771.9,1796.3
85,1995.6,1973.35,1958.8,1957.0,1938.5,1932.85,1924.3,1921.15,1916.35,1972.35,1936.95,1919.45,1929.15,1922.45,1903.85,1882.35,1883.05,1864.65,1863.15,1886.35,1910.6,1937.8,1966.35,1993.1,2021.05,2047.05,2075.45,2104.55,2134.1,2182.6,2141.35,2110.75,2115.15,2105.15,2095.0,2095.5,2069.55,2091.3,2088.2,2110.5,2101.35,2080.4,2074.3,2060.5,2044.95,2018.15,1994.8,1974.1,1951.95,2023.05,2028.1,2035.65,2072.2,2088.75,2091.75,2106.5,2105.15,2115.5,2116.25,2130.35,2140.95,2141.05,2139.35,2140.15,2131.65,2134.45,2138.85,2131.65,2147.65,2127.35,2116.55,2118.25,2134.75,2120.05,2097.05,2087.95,2068.95,2037.3,2018.8,1996.5,1985.5,2002.1,1982.8,1965.6,1962.9,1964.7,1933.5,1934.0,1933.0,1959.3,1960.45,1955.45,1943.55,1939.95,1928.45,1918.3,1917.15,1887.55,1881.1,1921.8
86,1989.9,1979.7,1978.65,1969.65,1971.0,1958.35,1956.45,1959.1,1948.55,1992.75,1973.35,1956.8,1942.45,1926.3,1915.2,1890.05,1873.7,1858.55,1843.95,1917.65,1888.85,1872.4,1869.1,1878.25,1872.25,1868.25,1865.8,1850.6,1849.2,1885.5,1883.35,1876.2,1881.2,1882.9,1888.75,1897.2,1883.85,1889.7,1893.7,1935.7,1912.95,1905.45,1865.45,1860.45,1862.95,1849.65,1842.55,1833.9,1780.5,1799.3,1772.7,1789.7,1799.9,1808.4,1821.55,1824.05,1836.5,1844.25,1861.4,1909.9,1910.0,1906.4,1912.9,1908.85,1927.4,1920.85,1944.3,1954.85,1949.5,1973.4,1931.85,1940.7,1941.75,1941.6,1934.95,1929.5,1922.6,1923.75,1901.65,1958.45,1950.4,1938.5,1935.8,1936.55,1935.3,1936.05,1941.1,1937.5,1947.35,1967.15,1973.75,1969.25,1971.15,1965.3,1963.75,1988.9,2004.55,2008.4,2001.75,1999.55
87,2028.5,1988.5,1988.5,1963.5,1961.0,1943.5,1888.5,1881.0,1848.5,1808.5,1772.1,1801.3,1810.55,1812.95,1814.4,1823.05,1841.2,1841.7,1844.9,1882.9,1883.3,1885.5,1889.3,1889.7,1898.25,1909.4,1913.8,1928.2,1931.4,1970.7,1949.75,1933.05,1916.4,1917.3,1905.85,1904.45,1886.75,1884.8,1869.9,1884.1,1853.65,1865.2,1863.5,1833.75,1832.4,1811.2,1806.2,1813.95,1801.2,1833.6,1839.2,1844.75,1856.3,1846.6,1868.9,1887.6,1895.55,1895.35,1913.2,1930.2,1934.3,1952.6,1960.8,1965.7,1966.65,1964.95,1942.35,1936.85,1927.15,1934.85,1957.75,1959.25,1953.25,1956.95,1963.95,1982.45,1989.35,2003.15,1997.55,2018.65,2016.85,2024.95,2012.85,2036.45,2026.25,2033.95,2051.85,2057.15,2070.05,2053.85,2035.25,2039.85,2059.85,2064.95,2057.55,2035.85,2034.15,2029.45,2031.65,2032.85
88,1970.0,1948.0,1944.9,1925.0,1907.8,1872.7,1809.2,1769.2,1729.9,1734.9,1769.05,1745.15,1738.25,1713.2,1704.75,1717.0,1690.5,1686.95,1680.7,1701.5,1709.7,1721.7,1698.45,1678.6,1662.0,1655.15,1629.7,1633.95,1641.9,1644.1,1625.55,1614.25,1616.95,1596.3,1580.55,1581.25,1575.3,1554.0,1566.05,1608.85,1601.25,1587.45,1571.05,1571.55,1542.75,1516.65,1501.45,1505.25,1493.85,1471.05,1471.1,1470.35,1478.35,1479.65,1484.1,1482.55,1481.95,1484.65,1492.1,1547.0,1534.3,1536.7,1522.6,1523.1,1532.3,1524.6,1506.5,1500.0,1484.5,1515.0,1532.95,1529.95,1535.3,1532.45,1535.0,1531.5,1539.6,1530.3,1549.05,1552.85,1562.05,1553.45,1550.95,1562.15,1550.05,1542.75,1546.05,1522.55,1514.55,1521.05,1530.0,1521.2,1530.95,1522.95,1549.5,1566.85,1570.2,1547.8,1537.85,1519.75
89,1984.35,1975.45,1956.55,1942.95,1929.35,1940.3,1935.5,1922.15,1911.45,1937.55,1925.75,1881.45,1838.75,1794.45,1761.45,1738.45,1703.45,1643.15,1626.85,1654.35,1668.05,1641.05,1624.6,1620.8,1600.65,1575.1,1590.85,1571.8,1573.25,1582.15,1553.15,1557.75,1551.0,1542.35,1529.75,1543.05,1539.0,1521.9,1509.45,1552.75,1552.85,1545.55,1532.85,1518.8,1532.85,1521.65,1526.25,1528.8,1528.65,1571.15,1548.1,1545.9,1546.55,1529.75,1535.95,1543.95,1556.5,1558.2,1545.0,1590.5,1587.9,1568.1,1579.55,1568.5,1572.9,1571.95,1585.65,1577.35,1577.2,1609.8,1611.5,1618.1,1629.2,1623.8,1632.95,1641.25,1655.2,1633.2,1644.05,1666.55,1667.75,1638.4,1642.95,1639.2,1633.15,1642.6,1642.8,1641.7,1632.6,1640.2,1640.65,1625.5,1634.35,1626.45,1630.35,1634.85,1631.45,1638.7,1649.1,1690.3
90,2023.7,2027.65,2044.9,2067.95,2075.15,2102.2,2120.75,2119.7,2122.95,2162.85,2181.1,2194.65,2214.05,2236.3,2260.1,2289.05,2314.95,2341.25,2370.3,2420.3,2408.8,2422.95,2431.0,2429.55,2432.3,2426.2,2437.8,2445.0,2456.45,2500.95,2514.75,2523.5,2537.4,2558.75,2555.95,2550.8,2558.55,2561.55,2574.0,2612.2,2612.9,2596.3,2567.1,2547.0,2515.05,2510.95,2493.25,2462.75,2461.1,2476.3,2500.0,2485.4,2479.25,2468.25,2455.65,2438.65,2450.9,2441.75,2453.05,2476.25,2452.7,2461.75,2431.3,2409.6,2411.35,2399.9,2393.45,2398.45,2370.0,2391.2,2415.3,2414.0,2417.25,2417.6,2411.3,2404.95,2397.5,2399.6,2390.25,2436.35,2423.8,2419.4,2428.6,2407.25,2417.9,2411.9,2402.35,2404.05,2397.5,2442.0,2452.75,2450.5,2454.7,2469.25,2485.15,2486.3,2495.8,2515.3,2520.35,2546.55
91,1985.0,1957.5,1960.0,1935.0,1900.0,1880.0,1840.0,1787.5,1757.5,1750.0,1759.6,1735.15,1741.65,1753.4,1757.85,1753.45,1747.15,1747.35,1732.5,1759.6,1773.05,1781.2,1781.45,1798.05,1815.85,1819.6,1828.3,1834.9,1852.9,1872.4,1873.4,1886.2,1884.6,1890.1,1899.9,1902.3,1906.5,1899.3,1912.5,1916.4,1904.45,1926.15,1914.9,1923.5,1905.65,1860.3,1855.7,1868.95,1850.6,1860.1,1866.8,1848.8,1851.1,1821.0,1821.9,1758.7,1745.3,1738.7,1665.4,1670.2,1672.25,1663.2,1648.25,1632.1,1607.25,1584.75,1580.3,1593.95,1579.8,1577.8,1564.8,1598.7,1583.7,1583.75,1586.85,1545.3,1537.85,1534.65,1514.9,1503.0,1460.5,1470.5,1460.5,1473.0,1433.0,1388.0,1363.0,1300.5,1293.0,1253.0,1243.45,1220.5,1242.55,1262.5,1251.75,1235.35,1206.35,1188.1,1161.45,1163.35
92,1971.3,1948.3,1933.1,1911.75,1892.5,1857.55,1832.85,1835.85,1819.25,1846.55,1829.1,1812.35,1805.05,1799.15,1791.85,1792.9,1794.55,1798.1,1790.15,1864.75,1852.95,1876.75,1878.15,1894.0,1898.95,1878.35,1870.0,1870.4,1864.8,1873.2,1888.15,1894.2,1904.7,1898.05,1905.65,1913.15,1917.3,1918.5,1925.45,1980.55,1935.75,1951.75,1949.1,1958.35,1946.4,1947.55,1942.05,1936.55,1940.95,1982.55,1986.85,1987.15,1962.3,1936.15,1929.55,1913.85,1904.75,1887.75,1881.2,1907.3,1920.6,1931.75,1956.8,1976.0,1973.4,1979.25,1995.0,2018.6,2030.45,2065.25,2047.3,2041.6,2022.75,2009.65,1994.8,1983.25,1957.65,1930.3,1914.9,1939.8,1931.75,1939.75,1939.0,1932.45,1929.05,1933.05,1932.75,1933.45,1936.65,1992.45,2012.85,2003.2,2019.2,2018.25,2015.85,2024.5,2024.85,2033.95,2040.0,2066.3
93,1962.7,1948.1,1924.3,1907.6,1894.6,1872.1,1838.5,1827.6,1795.9,1836.6,1836.4,1848.5,1852.4,1831.5,1837.3,1859.3,1859.4,1858.4,1866.2,1898.7,1883.9,1882.4,1888.95,1882.9,1883.35,1886.65,1888.05,1883.6,1877.2,1885.0,1893.05,1886.85,1875.05,1854.6,1833.45,1837.0,1833.2,1827.25,1819.55,1827.15,1848.2,1843.95,1854.0,1830.8,1840.1,1831.85,1831.85,1828.4,1806.95,1836.25,1816.35,1817.55,1803.35,1819.75,1828.95,1839.25,1836.55,1828.75,1815.65,1819.25,1843.3,1849.85,1867.6,1880.75,1897.25,1921.75,1947.35,1966.15,1993.65,2038.15,2050.85,2068.45,2091.85,2087.95,2108.05,2124.05,2144.8,2155.35,2178.35,2196.85,2207.6,2196.85,2202.5,2205.35,2226.3,2241.15,2245.5,2245.8,2246.25,2265.75,2243.25,2213.75,2183.95,2185.85,2203.75,2207.75,2190.25,2162.65,2168.85,2161.55
94,2028.7,2023.65,2014.95,2016.0,2016.45,2005.9,2008.8,1997.8,1991.6,2052.0,2060.5,2068.75,2080.0,2075.25,2080.3,2074.5,2081.95,2088.4,2079.55,2112.25,2092.0,2091.65,2071.85,2074.7,2072.35,2081.05,2074.45,2072.45,2056.75,2117.25,2085.85,2092.8,2091.85,2091.6,2104.3,2093.55,2064.05,2036.05,2015.95,1997.75,1978.15,1964.9,1949.3,1953.7,1925.15,1908.5,1909.8,1917.45,1896.55,1891.75,1886.75,1884.4,1873.5,1864.45,1885.45,1893.5,1903.95,1894.7,1894.95,1934.15,1942.8,1928.75,1927.45,1922.5,1924.05,1926.6,1938.5,1941.45,1924.7,1957.3,1941.3,1940.6,1935.5,1938.95,1939.65,1922.75,1911.05,1893.85,1885.4,1907.8,1928.2,1958.25,1958.65,1967.75,1984.8,1988.2,1997.85,2000.05,1991.85,2022.15,2016.5,1994.7,2003.9,1996.55,1995.75,1989.45,2006.4,2009.1,2009.75,2060.65
95,2030.5,2037.2,2006.9,2012.35,2017.75,2027.0,2026.75,2028.4,2021.6,2047.2,2002.05,1995.3,1990.45,1981.2,1983.7,1962.65,1949.85,1941.85,1955.4,1973.6,1961.75,1945.95,1960.15,1933.1,1928.8,1933.2,1939.35,1913.0,1894.8,1913.5,1911.0,1904.6,1911.75,1907.45,1898.65,1855.2,1833.8,1816.55,1806.5,1822.8,1810.9,1829.2,1812.45,1818.9,1824.65,1812.35,1795.7,1786.4,1774.45,1775.75,1786.85,1784.2,1776.95,1776.95,1770.3,1780.2,1791.25,1773.65,1776.9,1790.8,1784.25,1776.5,1794.8,1802.3,1817.3,1815.95,1820.95,1813.15,1814.1,1810.2,1806.5,1810.15,1799.6,1812.85,1801.7,1794.6,1807.4,1818.65,1830.65,1855.45,1860.35,1863.95,1881.35,1885.15,1891.05,1893.95,1897.75,1892.15,1874.75,1895.95,1894.75,1904.85,1909.55,1923.05,1918.1,1923.0,1928.95,1932.25,1942.55,1960.65
96,1965.0,1992.65,2000.05,1964.45,1961.1,1963.0,1972.55,1977.2,1984.8,2012.8,2005.8,1968.45,1966.35,1933.7,1940.6,1941.3,1945.2,1957.7,1939.4,1946.4,1963.8,1967.55,1970.7,1962.4,1971.15,1956.45,1962.75,1957.5,1961.75,1973.15,1948.15,1939.35,1913.65,1886.75,1847.45,1827.55,1818.75,1791.65,1780.45,1825.35,1817.8,1796.2,1779.15,1782.45,1775.7,1774.3,1733.1,1725.35,1713.55,1750.95,1757.2,1756.9,1767.9,1773.9,1773.5,1767.75,1784.75,1779.1,1794.2,1800.0,1797.7,1808.6,1810.65,1816.5,1831.65,1831.4,1842.05,1840.55,1831.55,1860.05,1881.75,1896.95,1916.15,1931.45,1941.45,1957.05,1981.25,2003.25,2024.15,2054.25,2046.6,2035.85,2043.75,2050.35,2033.9,2053.8,2060.6,2057.45,2052.3,2076.2,2076.75,2074.75,2082.05,2085.9,2103.85,2108.25,2131.1,2154.85,2171.1,2209.6
97,2025.65,2041.95,2023.9,2032.8,2035.9,2037.45,2051.6,2061.6,2054.1,2090.9,2091.2,2061.05,2045.45,2052.6,2037.9,2045.85,2047.8,2044.75,2038.55,2044.15,2014.85,2020.7,2023.45,2010.65,2015.65,2020.15,2010.95,2013.65,2017.5,2059.6,2045.65,2032.05,2014.2,2001.4,1991.65,1992.45,1989.0,1969.3,1948.8,1979.5,2000.1,2003.1,1997.5,1997.4,1998.1,2002.15,2000.35,2014.75,2028.25,2069.15,2067.55,2055.55,2060.95,2052.75,2051.95,2040.5,2039.05,2014.65,2008.25,2066.75,2060.8,2076.05,2062.85,2047.3,2048.65,2048.25,2043.9,2026.05,2003.1,2033.0,2025.9,1981.55,1994.35,2003.85,2007.75,2012.85,2029.45,2038.25,2033.65,2071.35,2066.0,2071.2,2067.1,2059.15,2046.65,2039.3,2012.4,2021.4,2010.45,2043.15,2035.15,2026.95,2019.45,2001.65,1990.1,1987.65,1970.55,1977.25,1954.05,1994.65
98,2001.1,1994.4,2005.15,2020.75,2010.2,2017.5,2000.05,1969.45,1971.35,1994.65,1963.65,1940.65,1925.25,1892.45,1884.25,1846.65,1804.15,1796.65,1764.15,1749.15,1711.65,1696.65,1671.65,1619.15,1606.65,1624.15,1549.15,1521.65,1496.65,1499.15,1486.65,1474.15,1497.6,1509.4,1492.5,1484.35,1489.05,1485.7,1483.0,1513.9,1539.4,1568.4,1595.9,1623.4,1643.9,1666.4,1690.9,1712.4,1734.9,1763.9,1773.1,1767.1,1771.6,1759.2,1776.5,1774.2,1786.5,1787.3,1805.9,1805.6,1800.9,1803.2,1776.2,1762.5,1762.0,1743.7,1722.8,1700.5,1675.9,1678.3,1676.9,1672.3,1681.7,1673.0,1669.0,1673.8,1660.9,1640.8,1653.7,1654.7,1626.3,1634.9,1625.3,1630.3,1630.3,1640.5,1629.9,1635.1,1636.0,1629.5,1627.9,1613.35,1607.1,1575.8,1561.05,1558.6,1547.2,1556.8,1550.0,1541.3
99,2029.05,2062.55,2008.05,2034.8,2044.0,2026.15,2027.45,2035.45,2035.3,2070.4,2055.5,2031.4,1990.9,1986.75,1967.05,1950.1,1926.05,1917.85,1941.3,1937.4,1953.3,1954.4,1971.8,1981.85,1996.85,2002.45,2018.0,2043.6,2070.1,2116.9,2140.1,2131.6,2134.0,2124.1,2110.7,2085.4,2080.8,2064.8,2030.3,2026.1,2024.3,2002.7,1999.7,1971.3,1977.65,1983.5,1999.0,1999.65,2002.2,2040.0,2070.5,2092.0,2109.7,2136.2,2162.5,2181.8,2212.65,2234.1,2258.15,2292.15,2292.65,2291.15,2279.95,2278.85,2286.05,2298.95,2290.85,2287.65,2290.15,2280.75,2263.25,2248.25,2208.25,2158.25,2150.75,2120.75,2075.75,2060.75,2043.25,2030.75,2055.25,2072.45,2094.45,2109.9,2129.0,2147.3,2170.7,2192.6,2220.95,2270.15,2237.65,2200.15,2212.65,2185.15,2152.65,2152.65,2102.65,2070.15,2052.65,2020.15
100,2000.0,1976.9,1967.1,1939.7,1913.4,1891.85,1862.9,1858.2,1812.0,1842.6,1783.2,1744.6,1717.9,1695.2,1645.2,1628.1,1619.1,1587.3,1571.6,1609.1,1616.8,1596.4,1562.6,1499.2,1484.7,1463.5,1422.9,1369.1,1351.4,1373.9,1344.0,1334.45,1324.25,1280.5,1261.15,1235.85,1218.15,1215.2,1211.15,1256.75,1206.05,1166.85,1130.75,1084.15,1042.75,1009.05,981.15,948.55,939.05,991.55,955.55,915.85,889.35,854.95,820.75,773.95,749.85,721.05,689.15,746.65,727.95,692.15,672.65,660.35,641.45,592.45,570.45,522.25,472.55,552.55,526.55,502.15,481.95,444.65,427.35,398.65,370.45,336.05,302.15,339.65,298.15,249.45,210.85,200.15,194.55,151.25,97.35,76.15,62.45,84.95,90.25,52.65,34.65,-33.95,-59.35,-67.15,-104.95,-139.05,-157.85,-132.85
101,1957.7,1953.9,1943.3,1940.6,1940.1,1941.45,1945.6,1945.45,1944.85,1987.95,1986.9,1991.15,1987.0,1993.05,1985.6,1980.85,1968.5,1962.85,1930.35,1932.65,1956.0,1976.9,2001.1,2027.85,2048.6,2078.6,2108.9,2138.85,2167.5,2204.0,2200.35,2187.85,2170.0,2158.6,2155.95,2153.75,2141.1,2114.7,2098.55,2114.85,2099.3,2091.4,2074.9,2081.05,2058.6,2050.45,2054.2,2044.35,2050.9,2050.6,2056.9,2045.5,2025.6,2031.35,2011.45,2004.65,1992.5,1981.4,1983.35,2045.55,2044.1,2038.1,2053.6,2046.0,2049.55,2068.1,2082.55,2079.25,2083.05,2119.75,2123.6,2116.15,2126.05,2117.3,2118.4,2132.6,2138.9,2147.5,2157.35,2210.15,2203.9,2197.75,2195.1,2191.15,2197.6,2187.9,2178.95,2170.8,2174.7,2223.9,2231.85,2232.85,2233.15,2232.6,2234.75,2244.85,2239.95,2228.5,2237.9,2291.4
102,1960.0,1965.5,1967.2,1983.8,1978.3,1988.95,2001.35,2005.3,2018.95,2048.35,2054.45,2057.15,2051.45,2041.95,2034.95,2022.5,2013.55,2003.8,1997.8,2044.1,2057.9,2082.3,2115.0,2124.75,2134.65,2146.45,2144.1,2160.9,2169.2,2198.9,2192.15,2194.3,2192.9,2201.2,2211.85,2216.7,2224.9,2230.05,2232.4,2293.0,2314.0,2340.5,2360.5,2387.5,2413.5,2442.5,2465.5,2492.5,2514.5,2543.0,2550.7,2557.3,2548.2,2539.0,2521.6,2508.8,2488.6,2445.9,2396.8,2387.7,2368.4,2338.7,2340.55,2310.2,2306.75,2323.3,2330.0,2364.7,2374.4,2398.2,2418.7,2444.7,2469.2,2496.7,2518.7,2539.2,2565.7,2595.2,2622.2,2648.2,2671.15,2701.05,2731.55,2761.2,2789.1,2816.2,2844.65,2870.05,2896.6,2938.1,2966.0,2993.55,3021.55,3049.1,3076.75,3103.5,3133.35,3162.45,3189.7,3239.7
103,2027.0,2013.4,2018.1,2010.3,2021.25,2016.05,2014.6,2017.9,2001.7,2042.8,2035.3,2039.4,2037.55,2030.85,2030.2,2041.4,2038.8,2041.1,2049.0,2101.6,2091.05,2086.35,2077.3,2069.15,2043.0,2045.6,2038.0,2044.95,2027.6,2081.9,2072.95,2049.15,2033.0,2027.4,2007.5,1990.5,1956.15,1935.75,1909.2,1951.3,1949.15,1955.6,1943.55,1934.65,1928.7,1921.75,1930.5,1928.95,1926.75,1946.05,1933.55,1937.85,1935.85,1937.05,1925.5,1916.3,1912.3,1916.7,1878.55,1894.25,1905.2,1914.55,1926.3,1927.15,1925.05,1936.9,1939.3,1948.7,1954.8,1996.9,1987.05,1974.0,1964.9,1947.9,1943.6,1925.7,1921.25,1902.5,1898.6,1957.1,1934.2,1920.45,1911.05,1880.55,1864.7,1859.45,1860.85,1865.25,1853.45,1902.05,1897.0,1884.9,1868.3,1876.4,1857.65,1849.95,1837.9,1831.45,1841.9,1881.2
104,1972.5,1982.5,1972.05,1951.15,1926.05,1903.05,1906.05,1904.35,1879.45,1887.55,1898.7,1898.7,1899.2,1894.2,1899.3,1901.1,1903.35,1907.8,1918.3,1969.3,1957.95,1960.4,1965.05,1979.9,1992.05,2001.15,2002.1,2017.65,2016.65,2038.05,2035.05,2038.15,2051.45,2053.4,2062.95,2069.45,2082.15,2084.45,2091.6,2142.6,2162.1,2178.1,2198.85,2210.45,2220.65,2228.0,2230.4,2234.9,2245.2,2287.1,2311.05,2337.35,2355.25,2374.0,2396.6,2410.7,2427.0,2443.75,2463.0,2511.3,2512.9,2516.0,2512.45,2521.95,2519.4,2514.55,2523.2,2527.35,2526.85,2578.85,2583.3,2603.75,2619.3,2619.4,2629.35,2637.65,2635.85,2647.25,2659.85,2688.05,2685.25,2637.75,2610.25,2605.25,2585.25,2577.75,2540.25,2520.25,2477.75,2452.75,2450.85,2437.55,2428.3,2410.2,2401.8,2414.1,2410.35,2394.65,2378.2,2428.1
105,1967.5,1969.1,1992.2,1988.9,1969.0,1962.15,1955.85,1966.0,1917.05,1931.45,1917.25,1853.55,1861.95,1805.05,1781.75,1760.55,1751.65,1755.55,1744.25,1750.75,1735.15,1734.05,1744.15,1718.95,1687.95,1692.65,1707.35,1715.25,1696.45,1707.35,1676.75,1670.6,1672.4,1670.7,1659.2,1658.85,1665.75,1676.1,1685.9,1733.4,1743.1,1751.9,1768.9,1787.1,1786.35,1803.05,1808.3,1821.3,1845.7,1889.7,1918.35,1947.0,1973.55,2001.9,2030.5,2058.65,2085.2,2113.2,2141.1,2191.1,2219.1,2246.2,2275.45,2303.1,2332.9,2358.85,2385.3,2411.95,2439.1,2489.1,2511.1,2481.1,2439.5,2403.0,2363.1,2332.9,2291.3,2259.7,2220.0,2320.0,2265.6,2230.3,2199.8,2157.1,2127.9,2092.0,2068.0,2027.2,1975.9,2040.9,2017.8,1987.1,1969.4,1954.15,1919.35,1910.65,1888.65,1847.65,1838.8,1899.1
106,1985.0,1960.0,1963.75,1957.55,1934.65,1912.35,1914.55,1909.05,1923.2,1954.8,1970.6,1981.0,1982.85,1996.0,1985.95,1967.15,1970.9,1983.2,2010.2,2044.0,2070.55,2099.7,2125.3,2151.4,2183.05,2206.7,2233.8,2259.15,2284.4,2323.9,2325.6,2340.5,2336.6,2343.8,2333.55,2324.0,2326.15,2341.85,2343.2,2382.9,2397.35,2411.3,2418.9,2438.15,2439.4,2468.25,2503.95,2498.35,2513.1,2538.7,2516.25,2527.75,2552.15,2528.5,2516.25,2515.1,2525.75,2531.45,2531.35,2573.25,2580.95,2581.85,2580.05,2560.05,2556.1,2549.45,2544.15,2534.65,2536.95,2594.95,2607.1,2611.15,2623.05,2626.55,2629.85,2649.95,2663.9,2670.15,2666.75,2684.75,2665.2,2671.1,2650.7,2665.2,2642.85,2648.65,2652.45,2669.0,2672.65,2704.15,2720.4,2739.8,2734.65,2754.35,2744.75,2740.8,2758.75,2760.4,2776.35,2806.85
107,1978.6,1957.15,1938.4,1911.95,1885.35,1868.9,1839.2,1814.1,1798.35,1880.65,1861.85,1846.0,1845.7,1815.35,1820.35,1801.3,1815.8,1811.1,1805.0,1841.1,1832.8,1813.8,1803.4,1788.5,1771.15,1760.4,1746.7,1735.7,1715.5,1766.7,1742.4,1719.4,1683.2,1692.4,1663.9,1658.4,1652.9,1631.2,1611.9,1610.9,1626.8,1602.75,1629.55,1659.45,1688.55,1716.5,1742.35,1769.95,1797.45,1847.45,1837.8,1841.35,1836.0,1846.5,1836.3,1827.75,1829.95,1817.05,1797.6,1828.8,1792.5,1753.5,1717.3,1683.6,1653.6,1611.6,1573.6,1525.8,1485.3,1582.8,1559.0,1533.85,1503.8,1504.0,1463.65,1429.1,1404.8,1387.35,1371.7,1335.7,1320.7,1300.9,1252.7,1231.6,1206.6,1159.2,1117.5,1068.5,1036.8,1136.8,1104.3,1082.5,1042.7,1009.0,974.5,939.7,909.4,885.0,862.0,837.0
108,1990.8,1977.3,1948.2,1919.7,1893.25,1861.75,1862.1,1864.15,1863.8,1861.9,1835.7,1803.1,1772.6,1740.4,1720.6,1702.8,1669.6,1658.7,1632.6,1648.3,1641.85,1639.5,1624.75,1609.6,1606.05,1586.25,1581.8,1585.05,1591.95,1630.05,1615.95,1589.25,1595.85,1577.45,1557.65,1532.25,1531.35,1518.85,1493.55,1507.65,1483.6,1474.3,1437.85,1397.55,1364.0,1326.05,1316.85,1306.25,1276.65,1313.45,1312.7,1329.1,1329.55,1335.95,1334.9,1346.4,1353.8,1361.15,1380.5,1419.2,1420.85,1425.85,1412.5,1415.55,1402.4,1373.7,1372.8,1360.3,1367.3,1412.8,1414.9,1427.65,1425.35,1431.6,1442.8,1455.2,1476.45,1482.35,1490.45,1529.15,1544.4,1565.25,1579.8,1591.6,1612.6,1625.85,1636.8,1652.55,1671.7,1707.2,1701.35,1651.5,1628.15,1622.45,1598.95,1582.9,1569.5,1539.8,1516.45,1538.35
109,1997.45,1992.5,1989.55,1982.55,1996.2,1980.2,1975.7,1965.55,1968.3,2010.0,1986.9,1992.4,1991.55,1985.5,1961.85,1952.5,1954.95,1950.6,1956.65,1970.35,1979.9,1983.0,1993.9,2008.85,2011.85,1992.8,2003.5,1994.6,2000.75,2028.35,2037.35,2057.55,2057.95,2081.9,2085.9,2097.8,2108.5,2132.35,2149.7,2174.3,2173.05,2182.0,2168.7,2164.05,2132.0,2116.0,2101.4,2091.65,2056.2,2051.1,2050.6,2069.0,2061.35,2061.95,2055.0,2058.55,2054.9,2060.55,2087.95,2105.15,2108.55,2125.05,2122.3,2127.95,2129.1,2136.0,2154.0,2169.0,2189.0,2203.6,2194.6,2188.4,2209.4,2203.85,2190.25,2194.75,2199.4,2197.1,2193.5,2210.9,2234.0,2226.6,2231.7,2229.25,2233.8,2223.2,2223.1,2208.2,2211.45,2211.55,2233.4,2235.4,2237.1,2226.7,2221.45,2246.6,2248.45,2253.25,2235.3,2275.1
110,1983.4,1985.8,1972.7,1950.2,1934.2,1899.4,1884.0,1866.4,1857.5,1878.0,1873.8,1878.55,1884.75,1878.65,1901.0,1897.25,1900.2,1877.9,1876.55,1901.85,1908.15,1901.25,1891.8,1893.1,1885.9,1883.1,1894.7,1881.75,1878.75,1879.35,1858.2,1836.5,1834.2,1811.5,1794.9,1769.35,1752.05,1738.55,1735.85,1724.75,1733.5,1716.95,1718.0,1714.2,1702.95,1706.1,1700.05,1699.2,1697.55,1761.35,1756.65,1770.35,1782.95,1783.45,1782.45,1763.15,1756.35,1742.25,1749.35,1782.15,1778.8,1794.4,1815.85,1838.85,1857.9,1876.75,1881.2,1889.05,1903.7,1930.5,1930.1,1937.15,1947.8,1957.35,1956.65,1976.05,1983.9,2003.1,2009.25,2041.75,2000.0,2022.3,2034.0,2024.3,2009.75,2013.95,2014.2,2011.85,2017.4,2042.1,2047.25,2014.9,2015.8,2003.9,1995.75,2014.1,1999.7,1993.1,1991.45,1954.05
111,2027.25,2020.65,2046.5,2034.65,2056.05,2029.05,2040.2,2027.9,2048.25,2062.35,2037.15,2011.45,1993.25,1978.8,1960.8,1939.3,1911.25,1896.75,1883.2,1903.1,1889.45,1902.35,1895.45,1897.75,1904.25,1914.65,1915.6,1917.7,1938.1,1964.9,1971.8,1956.75,1946.15,1953.0,1941.6,1940.5,1933.7,1926.8,1907.15,1952.65,1933.95,1909.05,1888.1,1873.15,1850.4,1848.05,1836.65,1831.35,1804.3,1864.0,1857.85,1861.65,1859.6,1856.75,1851.45,1840.15,1840.55,1829.3,1824.2,1865.9,1823.6,1839.1,1832.9,1820.7,1804.9,1806.7,1789.1,1750.6,1763.9,1764.8,1758.65,1751.85,1762.55,1739.95,1750.45,1742.9,1760.15,1771.35,1763.5,1764.3,1775.85,1739.55,1692.05,1680.2,1660.9,1656.5,1618.6,1581.9,1574.15,1570.55,1536.25,1516.25,1530.25,1531.7,1512.1,1490.05,1459.2,1431.75,1394.85,1368.95
112,1963.0,1948.1,1940.4,1941.1,1958.4,1950.55,1939.2,1922.0,1923.5,1946.2,1938.15,1929.15,1930.75,1916.75,1865.85,1862.4,1833.55,1809.45,1788.6,1792.0,1793.75,1771.6,1745.0,1722.7,1708.75,1688.75,1673.15,1650.85,1621.4,1652.0,1663.95,1659.55,1673.3,1667.9,1662.55,1651.0,1659.9,1665.8,1669.1,1692.4,1688.95,1702.1,1697.85,1686.25,1701.7,1700.05,1686.0,1690.95,1678.5,1708.8,1716.65,1713.15,1724.1,1739.1,1736.35,1742.6,1734.35,1739.85,1724.75,1737.25,1747.25,1733.85,1733.45,1749.15,1747.5,1734.15,1740.15,1746.65,1756.75,1786.45,1801.3,1816.85,1839.1,1851.2,1855.0,1875.8,1883.05,1886.6,1882.9,1904.6,1872.7,1853.85,1845.3,1830.95,1826.0,1810.5,1785.85,1766.6,1747.1,1796.3,1789.5,1800.65,1806.15,1805.2,1816.4,1809.2,1816.6,1823.7,1832.6,1855.2
113,2027.6,2017.25,2022.8,2030.15,2039.25,2028.45,2024.65,2009.8,2007.9,2049.8,2047.8,2064.65,2040.7,2036.9,2018.55,2016.15,2008.9,2028.15,2055.65,2078.05,2070.1,2066.9,2072.65,2061.05,2048.7,2037.95,2041.5,2044.7,2050.05,2091.95,2078.85,2064.3,2045.1,2029.55,2026.55,2018.2,2008.55,1995.65,1987.55,2032.25,2008.5,1990.55,1977.1,1933.55,1935.65,1915.75,1893.1,1899.2,1873.65,1881.65,1866.5,1825.4,1817.75,1807.75,1781.25,1782.15,1780.7,1764.8,1777.6,1776.0,1779.15,1768.8,1767.05,1766.8,1766.7,1756.55,1748.55,1743.85,1728.45,1763.35,1774.05,1770.25,1771.8,1758.45,1740.9,1740.45,1735.5,1730.05,1721.9,1751.7,1749.8,1744.9,1758.0,1756.35,1765.75,1759.25,1756.85,1771.4,1790.35,1830.75,1844.9,1858.35,1866.2,1878.3,1893.55,1904.15,1920.5,1932.8,1949.3,2010.3
